Date,Tweet ID,Text,Likes
2021-06-01 23:49:48+00:00,1399875860602130433,"Curve $CVR is being re-rated both Yearn Finance $YFI and Convex Finance $CVX are hoarding Curve to boost returns for investors.  

The Convex TVL is growing fast and not stopping any time soon.  

Curve and also Convex is so underrated and massive room for growth. #DeFi",2
2021-06-01 23:49:37+00:00,1399875816071311365,"I just realized I had an airdrop from @ConvexFinance of $4000 worth on $CVX ü§Ø. Instantly swapped it for $CRV and staked it into $cvxCRV for some juicy rewards. Cannot believe I didn't realize before .

Was the swap the right move to go? ü§î",0
2021-06-01 23:25:21+00:00,1399869709697404928,"I just wrote to my TG about Convex Finance / $CVX.

Very little chatter on CT about this right now, but I believe it'll be the talk of town pretty soon!

I'm certainly not sleeping on it -- and put in a good portion of my liquid portfolio in it today.

Thread coming soon!",16
2021-06-01 23:11:57+00:00,1399866337875300355,"Scans from Tuesday, June 01, 2021: https://t.co/vNCPvRiksf https://t.co/DsBuB4gbab $FCX $XOM $CVX $UNP $VALE $BA $SNAP $GME $WYNN $TSM $DIS $UBER $MU $FUTU $AMD $SPR $AXP $PLTR $AMC $PLUG #SwingTrading #technicalanalysis #trading #stocks #StockTrading #Options #OptionsTrading",0
2021-06-01 22:52:03+00:00,1399861329729667075,"@deltagammaqueen $BAC
$NIO
$XLF
$CLDR
$AI
$OXY
$BA
$FCX
$COF
$COP
$VALE
$GS
$CVX
$XOM
$WFC
$IWM
$SONO
$QQQ
$V
$PYPL
$AMC
$OIH
$NVDA
$AMD
$RBLX
$ETH
$LINK
$ADA
$ALGO
Let me know when you run out I have more https://t.co/M94pwv4Yza",6
2021-06-01 22:45:00+00:00,1399859554112868352,"$veCRV as a % of circulating $CRV is already at 60% due to #TheLockening from Convex and Yearn. If this keeps up, there won't be much CRV left for sale. The effect will be more acute in August after CRV emission adjustsüìâ
Mcap CRV, $CVX still not in the Top 100!

@bantg chartsüëç https://t.co/IZ22sfvJZc",19
2021-06-01 22:44:39+00:00,1399859464845545472,$CVX shareholders https://t.co/wysyXJHKwN,5
2021-06-01 22:43:08+00:00,1399859084615032832,@Reuters are you long $CVX?,0
2021-06-01 22:36:11+00:00,1399857337100275719,When can I get my little cute birdieT T? I will get a short-term Intern so I won‚Äôt move out this summer. And my apartment don‚Äôt allow me to have a pet.,0
2021-06-01 22:26:02+00:00,1399854780239908864,$CVX in Downtrend: Stochastic indicator is remaining in oversold zone for 1 day. View odds for this and other indicators: https://t.co/mtNLzNVlou #Chevron #stockmarket #stock #technicalanalysis #money #trading #investing #daytrading #news #today https://t.co/szeVGtdViP,0
2021-06-02 23:58:04+00:00,1400240328259502082,"$CVX  / @ConvexFinance going above $2Bn TVL before EOD ($1.9Bn right now)

This is a sleeping giant.

My (JOKING) hypothesis is that the bigger accounts haven't tweeted yet because they're too busy circle jerking in Miami so now is your chance to get in before they blast it out",5
2021-06-02 23:56:29+00:00,1400239930173923328,"*THE CVX/CRV FLYWHEEL BREAKDOWN*

- cvxCRV receives a 10% of all CRV farmed on CVX.
- cvxCRV P/E is less than 1. 
- People realize, buy CRV, stakes on Convex. Convex veCRV grows, achieves almost max Curve boost on all pools, TVL grows, TVL grow -&gt; performance fee grow. 

FLYWHEEL https://t.co/TscBo8lz4o",2
2021-06-02 23:42:11+00:00,1400236334401327105,@MeekMill Bro seriously. Look into $CVX $VSP and probably $HOGE too.ü§∑üèΩ‚Äç‚ôÇÔ∏è,0
2021-06-02 23:35:09+00:00,1400234563100684288,"E3 Wishlist? 
1. Bloodborne Sequel (pirate themed)
2. Lost Planet 4 (or 1+2 Remaster)
3. Banjo Kazooie news of any kind
4. Metroid 
5. CVX Remake 
6. SMT5 release date 
7. Gotcha Force 2 
8. Dr. Muto 2 
9. Armored Cores (Dark Souls but AC)
10. News about Project GG",0
2021-06-02 23:34:45+00:00,1400234460109578240,"Adding $CVX here. Strong traction, narrative and still under $40M market cap.",2
2021-06-02 23:27:18+00:00,1400232588426440704,"@developer9180 Short term if the market continues to trend up I wouldn't be surprised to see $20-25. At that point they'd have over $2bn TVL so it would still feel very undervalued to me from a mcap perspective

Broader market still evaluating $CVX vs. $YFI but yield % will speak for itself",3
2021-06-02 23:25:31+00:00,1400232140206489607,"I was looking to do this math this week but beat to the punch. Critical data thanks for pulling ü§ù 

$CVX has locked $38M $CRV in 16 days...",9
2021-06-02 23:18:38+00:00,1400230407136845827,@ledgerstatus U on cvx ledge?,3
2021-06-02 23:04:10+00:00,1400226766103453701,"@bluekirbyfi So at the end of the day, where do you see $CVX heading? 0.1 MC / TVL as $CRV?",0
2021-06-02 22:57:52+00:00,1400225179142279168,"Scans from Wednesday, June 02, 2021: https://t.co/s4Wb6nXIgS https://t.co/MCLyhQPyYt $EOG $SLB $XOM $CVX $HAL $LUMN $BA $GME $TSM $PYPL $MU $VALE $AMD $SPR $AXP $PLTR $AMC $COP $EBAY $MRNA #SwingTrading #technicalanalysis #trading #stocks #StockTrading #Options #OptionsTrading",0
2021-06-03 23:56:54+00:00,1400602424323227655,"@runebee I'm literally in the same boat, mentioned this during my last CVX run on stream

It definitely has some issues but also a lot of charm +some cool ideas",2
2021-06-03 23:52:56+00:00,1400601427160879108,"$CVX @ 40M MC
.
CEX has to be incoming, prob @binance or @kucoincom 
.
We got the break out
.
.
$CRV benefiting from all this $YFI $CVX, i just hope $CVX got other stuff coming down the pipe line....but hey this $CRV narrative is making it fly
.
.
.
.
https://t.co/rdlMS3l1iX https://t.co/3gnFoXNY13",6
2021-06-03 23:52:08+00:00,1400601226496995328,@vegsurfer @bluekirbyfi @ConvexFinance You can buy CVX on sushiswap then stake on https://t.co/i5TUe8jsOr To get cvxCRV you need to convert on CRV to cvxCRV on website then stake.  The discord is really good and helpful.  I have a mix of both.,2
2021-06-03 23:52:02+00:00,1400601198416351236,"@CRVpensioner @bluekirbyfi @Fiskantes @ConvexFinance As 3Pool, or with CVX?",0
2021-06-03 23:45:44+00:00,1400599615695593473,"Free alpha: $CVX $19, $CRV still not in the Top 100.",44
2021-06-03 23:45:37+00:00,1400599585974849536,"What is the ""Curve War"" you ask?? Yearn Finance and Convex Finance are easily the largest holders of veCRV, stimulating major demand for the token. 

https://t.co/piyXqtbG75 via @DefiantNews 

#DeFi #Convex $CVX #Yearn $YFI #veCRV $CRV https://t.co/yyqr3XB8AV",3
2021-06-03 23:45:13+00:00,1400599482966888453,"19 days to my bday, hopefully i will die soon :) jiji",1
2021-06-03 23:44:50+00:00,1400599386975969281,@bluekirbyfi @ConvexFinance BK you made this click for me. I‚Äôm balls deep in convex farming now. Yearn farming $CVX only makes convex stronger,4
2021-06-03 23:44:44+00:00,1400599363437481987,"so @iearnfinance is just using $CRV on its own benefit while @ConvexFinance has all the tool for end users including letting end users get the most of CRV directly.....
Guess $CVX would surpass $YFI market cap in a few day",4
2021-06-03 23:44:44+00:00,1400599363089584130,Maybe doesn't have to be just $CVX - have $CRV as the lynchpin for a variety of defi legos. $SPELL and $ALCX now looking like they have something going on w/CRV too,42
2021-06-04 23:49:53+00:00,1400963047502626817,@ScruFFuR $CVX will 10x even in a bear market. 100x is not out of question in the next cycle.,1
2021-06-04 23:45:10+00:00,1400961861093367809,@ceterispar1bus One other small difference. There's an incentivized ETH/yveCRV pair but CVX incentivized a CRV/cvxCRV pair.,3
2021-06-04 23:14:36+00:00,1400954166118387712,"""Most #oil and gas is produced by state-controlled companies that are much less responsive to activist pressure &amp; less dependent on financing from financial institutions""

#oott #energy #ongt #fossilfuels #renewableenergy #renewables #environment #investing #stocks $BP $XOM $CVX",1
2021-06-04 23:02:37+00:00,1400951149570576385,@DefiDividends Juss playin' arounds .... $YFI built the cvxcrv vault so they're taking advantage of the cvx project success so it's not as much of a battle now,1
2021-06-04 22:34:17+00:00,1400944022361944066,@Crypton0mics @DuneAnalytics @ConvexFinance thats cool!  Would love to see a full dataset on @tokenterminal for $CVX as well.,2
2021-06-04 22:29:01+00:00,1400942697171636232,@Tradermayne Check out $CVX mayneee ! It will be a bonus in anyone‚Äôs portfolio. Check them out @ConvexFinance https://t.co/DwTxcZeiqo  145% APY and you get airdrops when you convert $CRV to cvxCRV and stake it. Plus 10% of network fees paid out in $CVX,2
2021-06-04 22:27:07+00:00,1400942216164433921,"With $CRV surging at this rate, we are forcing ‚Å¶@iearnfinance‚Å© out of the game. $YFI is going to fall hard and there could be dirty fights from Yearn like we saw yesterday. In the end, it didn‚Äôt even matter....$CVX to $560 https://t.co/cDspJX97WU",2
2021-06-04 22:27:05+00:00,1400942209252433923,"Dow30 Stocks 1-Week Performance

$GS $CVX $CRM $AAPL $NKE $HD https://t.co/FkFPjSz6MM",0
2021-06-04 22:22:50+00:00,1400941137720979457,"This is the best kept secrete in #DEFI right now and one of the main reasons $CRV is booming! 

You can get $CVX on sushi swap

$Sushi $UNI $MATIC $VRA $Trias $TEL $RSR $eth $BTC $link",3
2021-06-04 22:22:49+00:00,1400941136752033797,"Copied from https://t.co/DwTxcZeiqo ""Convert $CRV to $cvxCRV. By staking $cvxCRV, you‚Äôre earning the usual rewards from $veCRV($3crv governance fee distribution from Curve + any airdrop),plus a share of 10% of the Convex LPs‚Äô boosted $CRV earnings, and $CVX tokens on top of that""",0
2021-06-05 22:45:03+00:00,1401309118212739082,$CVX Waiting for Short signal. https://t.co/ofcMgmsA1k,0
2021-06-05 22:36:03+00:00,1401306854949638147,"@fronknov I thought it was going to be higher and made a lot last month with XOM, EOG &amp; CVX calls. I‚Äôm still holding SLB, ET, PXD and just bought an OIH call yesterday with January 2022 expiration date. Hope it doesn‚Äôt have a big pullback from these levels, I will average down if it does.",1
2021-06-05 22:35:38+00:00,1401306749735481347,"@PaikCapital I love it! Making 30-40% on my $CVX and 144% on $cvxCRV (for people wondering what that is, you just send $CRV and they auto convert it for you to $cvxCRV which holds a value very close to $CRV. So easy I could do it üôåüòÅ",4
2021-06-05 22:33:21+00:00,1401306171949031424,"Can't read, bought the dip $CVX",2
2021-06-05 22:27:47+00:00,1401304771387170816,@defi_Wojt Do they hold $CVX or just farming?,0
2021-06-05 22:26:56+00:00,1401304557532155907,@OhHaiAndy $cvx x $crv and start staking and making 30%+ and 140% + apy and let it compound. https://t.co/jfegtTMb3r,0
2021-06-05 21:58:14+00:00,1401297337973157890,Loving how easy they made staking coins. 25-40% on $CVX and 140% right now on $CRV converted to $cvxCRV #defi @TomGores let‚Äôs get the city of Detroit involved in #Defi #blockchain help the people learn. Banks are slowly dying.,1
2021-06-05 21:21:14+00:00,1401288024026058752,"@sinstockpapi @Albertagarbage I'm doing nothing, as usual. Just sitting on my xom, cvx, bp, and rds shares. I guess I'm lazy.",2
2021-06-05 21:00:22+00:00,1401282774892388356,"@FarmerBrownDeFi @iearnfinance @ConvexFinance @SushiSwap @PancakeSwap @AaveAave Auto compounding would be nice but I think that‚Äôs where they differ. Convex is becoming a layer between curve and yearn. 

Yearn will now just farm curve and CVX for you, but not sure it‚Äôs worth the double fees with gas so low right now",0
2021-06-05 20:53:01+00:00,1401280924436811777,"$3B TVL, $36M market cap.  There might be some value there... üëÄ $CVX https://t.co/3l4KCU5x1M",4
2021-06-06 23:42:02+00:00,1401685846802288641,"Hmmm, they are 34,624 $CRV holders, but only 1652 $CVX holders. üòÆü§îüìà #DeFi #Ethereum https://t.co/kzJLF4AyhQ",5
2021-06-06 23:37:53+00:00,1401684800373731332,"@Cryptoidealist got you, that makes sense

Here‚Äòs something else to consider that I‚Äòm not sure everyone has realized yet:
If the price of $CVX decreases a lot relative to $cvxCVR, the APY% of staking $CVX would go through the roof since rewards are paid out in $cvxCVR ‚Äî&gt; people buy $CVX to stake",0
2021-06-06 23:34:59+00:00,1401684071944699906,"@Cryptoidealist @Pool2Paulie but since the APY% is calculated in $ terms, a decrease in $CVX price while the $cvxCRV price remains unchanged, also leads to an increase in APY%.",1
2021-06-06 23:23:17+00:00,1401681126838747138,@Pool2Paulie main reason for APY being up is $CVX price dropping more than $cvxCRV price right?,0
2021-06-06 23:18:45+00:00,1401679985962668032,@Pool2Paulie Not sure why anyone would dump an asset with so much potential that you can stake for 60% APY $cvx $crv,0
2021-06-06 23:04:24+00:00,1401676374327185409,"For now the leaders should continue. Sometimes the obvious plays are the best ways to trade both to the up and downside. $NVDA $MS $BX $GS $CVX $SLB $BGFV $RVLV $CROX $RBLX $IP $TGT $FB...
Always make your lists of great companies on sale and strike. Good trading to us all üôèüôè",14
2021-06-06 23:03:31+00:00,1401676151433613312,"Currently 1.69M $CVX tokens single staked out of 2.75M supply = 61.4% staked

APY up to 60%, nearly double what it was before the weekend so incentives are improved. 

Let's see if that lock rate starts to beat emissions.",3
2021-06-06 23:02:34+00:00,1401675913838858245,"@luulubuu @ComicGamerGuy RE0 - Marcus overshadowed by Wekser and Birkin watching him from a small room.
RE:CVX - Alexia overshadowed by Alfred being flamboyant af.",0
2021-06-06 23:01:49+00:00,1401675725749600260,@Cryptoidealist is this at current $CRV $CVX prices or how did you calculate this?,0
2021-06-06 23:00:11+00:00,1401675312556093448,"TOP WINNERS (24hs change):
$OCB +244.6 %
$HEDG +169 %
$MUNCH +93.7 %
$ARGO +79.1 %
$NBS +75.7 %

TOP LOSERS (24hs change):
$BLUE -52 %
$ETHA -33.6 %
$CUMMIES -33 %
$CVX -25.7 %
$AUSCM -23.2 %",4
2021-06-07 23:55:34+00:00,1402051640895606788,"My bags as of now:

$WOO
$RGT
$FTM
$CRV
$SPELL
$CVX

Got stables on the side, ready to buy dips on these",46
2021-06-07 23:44:38+00:00,1402048890652835841,"@DefiMoon @SushiSwap @ConvexFinance It's not completely out of the realm of possibilities. 
- Lots of community member overlap
- Constant sell pressure on CVX from Curve LPs
- Imutable contracts so CVX rewards % can't be changed

Possible solution: Add moar rewards to incentivize LPs...",2
2021-06-07 23:33:01+00:00,1402045965016567823,"It looks like both $ALCX &amp; $SUSHI rewards are coming to $CVX - $ETH, $cvxCRV - $CRV LPs. üëÄü§ë https://t.co/dVnCbzLpj4",44
2021-06-07 23:19:08+00:00,1402042470607863809,"@nyc_lisa @small_exchange Work with me here Lisa! A brief oil crash will allow me to close the futures trade and you can add more oil stocks to your portfolio. Then, oil will go to $100. BTW, I also own XOM, SLB and CVX. üòúüòú",4
2021-06-07 22:13:22+00:00,1402025920475680768,"3/ In the current risk-off market, I think the attention will return to yield farming, especially with safe haven assets like stables, ETH, BTC and major bluechips. 
The recent success of @ConvexFinance $CVX is an example, and Abracadabra $SPELL could follow the same path.",28
2021-06-07 21:56:18+00:00,1402021624682057729,I didn't feel like fixing my hair today - CVX 1st Playthrough (!discord)(!social)(!justthetip) https://t.co/d7vuhd6jB2,4
2021-06-07 21:52:46+00:00,1402020736919736320,@harry_pomp1 some pills are hard to swallow. I sold $CVX at -35%. now its -60 and dumping.  Weak fud...Seems like fud seazon again.,1
2021-06-07 21:52:28+00:00,1402020659316854784,Staking rewards for CVX are less than that of cvxCRV. So you can get a better return by selling your $CVX and using those funds to buy cvxCRV to stake. Its possible that airdrops could compensate for this - and I think it could be a good idea to encourage people to hold on to CVX,1
2021-06-07 21:52:27+00:00,1402020658125721602,Had to close my $CVX position with a 20% loss. Lucky I did because it has giganuked down to $8. If this had launched in March it likely would have hit $100. Bad sign of the state of the market.  CVX is the main source yield for all that TVL and so it's getting relentlessly sold,2
2021-06-07 21:47:12+00:00,1402019334042570752,@conexaosangaloo @ivetesangalo IVETE IS COMING cvx,0
2021-06-08 23:54:06+00:00,1402413658282487810,"@QuantsCrypto @defisci @BowTiedBull @DeFiGod1 it's getting close enough to tempt me.. im sure others are thinking the same.

I also think most people dont understand $CVX fully.

The people that dump CVX to buy $cvxCRV are actually helping CVX stakers earn more.

32m+ veCRV is a legit moat for cvx imo",1
2021-06-08 23:50:47+00:00,1402412822777110529,CVX going to 0 you say? üòèü§£ https://t.co/kTluWVdnxU,11
2021-06-08 23:49:44+00:00,1402412559920033793,"@BowTiedBull Convex $veCRV moat 32.7m and growing after 1 month.
Yearn $veCRV 18.1m after 1 year.
$CVX will steer that growing moat! 

Could go to 0, huh? üòÜ https://t.co/ySb2uoWUHd",10
2021-06-08 23:46:57+00:00,1402411860515704832,"@EthereumWave @defisci @BowTiedBull @DeFiGod1 tbh I have no idea.

My best guess is CVX staking APY &gt; 2x cvxCRV apy

for people to consider staking cvx vs. dumping. but who knows",2
2021-06-08 23:44:23+00:00,1402411213615685636,"@DefiDividends @defisci @BowTiedBull @DeFiGod1 What do you consider significantly exceed? For example cvxCRV APY was ~140% while CVX APY was ~55% not too long ago. 

I know it‚Äôs the reverse but would that meet the criteria for one APY significantly exceeding the other or are you suggesting CVX needing an APY of like +300%?",1
2021-06-08 23:43:13+00:00,1402410918844248066,"$XOM retest 64.00 with $Strong Momentum Above 64.00 to 67.00

$XLE $CVX $XOP $PSX $AAPL $FB $AMZN $NFLX $GOOGL $TSLA $F $GM $TM $CCIV $NIO $HON $DD $FCX $X $NUE $BA $AMC $GME $CLOV $BB $SPY $QQQ $SMH $IWM $MU $AMD $INTC $NVDA $TMUS https://t.co/AUpGlkX6hB",2
2021-06-08 23:42:07+00:00,1402410643538518019,"PS1 - Resident Evil
PS2 - Onimusha
PS3 - Fallout New Vegas
PS4 - Sekiro
Limiting 1 per franchise other wise It would be re1 re4 re cvx ps3 version re7 ü§£",1
2021-06-08 23:36:07+00:00,1402409131953188864,"@bantg @0xNietzsche that's the main problem with yearn, a strategist should not be making more than a hedge fund manager...most people here invested in crypto are trying to get away from that greed.  $cvx is going to continue taking share from $yfi if they don't reduce the high fees.",2
2021-06-08 23:23:19+00:00,1402405911524749317,Kl4cker5 took $CLOV for some paper &amp; $CVX blessed BT #GoldRushGang https://t.co/Rn6ThwHSpQ,0
2021-06-08 23:11:54+00:00,1402403037855948807,"@EthereumWave @defisci @BowTiedBull @DeFiGod1 True. But I think it needs to significantly exceed the cvxCRV APY for it to matter.

What would you prefer?

Holding a tier 1 project (crv) and generating 50%

or

Holding a lower tier project (cvx) and generating 50%

CVX staking APY needs to be at least 2x cvxCRV to matter imo",3
2021-06-09 23:56:31+00:00,1402776654057930753,"+85 wallets to $CVX @ConvexFinance
+$100m TVL ($3.4 BN TVL)
+$7m to mcap

On the rise again. Told you to DCA if you had a higher entry - hope you did.",2
2021-06-09 23:42:57+00:00,1402773241135915009,"@ConvexFinance  Just passed $10M revenue sharing yesterday 
üëâüèª Added 15% to its revenue in less than 24 Hours  
üëâüèª $3.3 Billy TVL 
üëâüèª Market cap is only at $26 million
üëâüèª Staking $CVX gives you 62% yield in $CVXCRV
üëâüèª Staking $CVXCRV gives you 120%
Do what you will with this info",4
2021-06-09 23:29:37+00:00,1402769885709615112,"@Pool2Paulie @0xSisyphus Who‚Äôs CVX‚Äôs team, anon right?",0
2021-06-09 23:18:31+00:00,1402767091141206016,"Migration has begun to the new staking contract for CVX/ETH and cvxCRV/CRV SLP stakers. 

$SUSHI rewards are live on the new pool; $CVX rewards will remain on the old staking contract until Friday, between 11-14 UTC. At that time all rewards will cease on the original contract. https://t.co/R8fDcmPdAp",45
2021-06-09 23:18:15+00:00,1402767025240305666,"@HalftimeReport  @terranovajoe :  @fundstrat Tom Lee is 100% right on energy

https://t.co/anbPEofqrO

$spy $dia $qqq $ndx $iwm $arkk  #stockstowatch #StockMarket #Investment $CVX $XOM $EPD $OIH $XLE #OOTT",4
2021-06-09 22:54:54+00:00,1402761146831151112,$CVX Waiting for Short signal. https://t.co/oKAyLwqKG9,0
2021-06-09 22:47:42+00:00,1402759336208781315,Pick your favorite growth energy stock $nio $tsla $kmi $nee $cop $clsk $chpt $cciv $INTC $nee $mp $bep $fslr $xpev $amd $plug $aapl $xom $cvx $gevo $f $mp $amat $stem $tsm $qcom $arkk $nvda $gm $enph $spwr $be $ge $run $qs $csiq $fcel $oeg $beem $clii $fsr $xom $cvx $xle $stpk,0
2021-06-09 22:46:14+00:00,1402758966975733761,"$CRV (specifically $veCRV) is like a dividend stock on steriods

Now with things like $cvxCRV you get the same benefits + extra $CRV and $CVX sprinkled on top

Cmon... https://t.co/AEnZtH7Acs",12
2021-06-09 22:30:29+00:00,1402755003538939909,"$WOO ‚ù§Ô∏è
$CVX ‚ù§Ô∏è",33
2021-06-09 22:14:52+00:00,1402751072947490817,"$CVX Took profits here early in the day. May have a bit more to go, but didn't want to get greedy. Will add again on pullback for the next leg up.",1
2021-06-10 23:20:00+00:00,1403129852316819456,"Advance projects of the promising #SouthKorean aircraft carrier CVX demonstrated by the shipbuilding corporations Daewoo Shipbuilding &amp; Marine Engineering (DSME) and Hyundai Heavy Industries (HHI).
I https://t.co/MzxgG0OVuq",1
2021-06-10 23:02:22+00:00,1403125416479633413,"Millions of crypto coins for free
Join https://t.co/ZehFiQJhb9

$btc $eth $step $cvx $mina $bnb $doge $ada $xrp $link $dot $matic $sol
$ADA $BTC $BNB $DOGE $REEF $DOT $XRP $ETH $VET $CAKE $SFP $XLM $ALGO $TRX
$DOGE $AKITA $YDOGE $SHIB $HUSKY $POODL $FEG $CAT $WORLD $BFLY https://t.co/L4z5EkXbV8",0
2021-06-10 22:51:07+00:00,1403122583072088066,"Most active stocks in today's after-hours trading

Pfizer $PFE
Intel $INTC
Ford $F
$AMC
$KDP
$NEWH 
General Electric $GE
Cisco $CSCO
AT&amp;T $T
Sirius XM $SIRI
Carnival $CCL
Coca-Cola $KO
Exxon $XOM
Microsoft $MSFT
Mondelez $MDLZ
General Motors $GM
Chevron $CVX
Micron $MU
$CMCSA",0
2021-06-10 22:45:00+00:00,1403121046304309258,The Retreat of Exxon and the Oil Majors Won‚Äôt Stop Fossil Fuel $XOM $BP $CVX https://t.co/cybdZi9grP,0
2021-06-10 22:36:52+00:00,1403118997265010691,"Don't Be Crude! Could Oil Hit $77 Per Barrel Or Higher With Continued Trouble In The Middle East? &gt; https://t.co/bdq4TA8OzO

$USO $XOM $CVX $TOT $BP $DVN $E #stocks #energy #crudeoil #investing #drilling #EIA #OPEC",0
2021-06-10 22:15:38+00:00,1403113654401130500,"Continued accumulation of $CVX on market dips

Subsequently staking to earn $cvxCRV

Then staking $cvxCRV to earn $CRV

This is the way.",13
2021-06-10 22:07:44+00:00,1403111666800336899,"Building out a passive income strategy...
Just doubled my $cvxCRV position, plus bought a #moonbag of $CVX
Both staked on @ConvexFinance earning &gt;100%apy

Other key platforms in this strategy will be shared in due course 

#passiveincome #defi $CRV @CurveFinance",17
2021-06-10 22:00:54+00:00,1403109947710320640,"$CVX 92.5P Exp:21-Jan-22 ‚Üì‚Üì  üî• Total(Day): $68,420 
#SmartMoneyFlow https://t.co/LJ01QrhUBK",0
2021-06-10 21:56:34+00:00,1403108856549588993,"Most active stocks in today's after-hours trading

Pfizer $PFE
Intel $INTC
Ford $F
$AMC
Keurig $KDP
General Electric $GE
Cisco $CSCO
AT&amp;T $T
Sirius XM $SIRI
Carnival $CCL
Coca-Cola $KO
Exxon $XOM
Microsoft $MSFT
Mondelez $MDLZ
General Motors $GM
Chevron $CVX
Micron $MU
$CMCSA",6
2021-06-10 21:38:31+00:00,1403104314583764997,"Don't Be Crude! Could Oil Hit $77 Per Barrel Or Higher With Continued Trouble In The Middle East? &gt; https://t.co/smBacVl8OU

$USO $XOM $CVX $TOT $BP $DVN $E #stocks #energy #crudeoil #investing #drilling $EIA #OPEC",1
2021-06-11 23:59:13+00:00,1403502108448542725,Analyst summary of #Chevron #CVX $CVX https://t.co/me81CKSEG0,0
2021-06-11 23:27:49+00:00,1403494206987902980,@b4battle @bantg Yearn farms CVX tokens too. You guys are ridiculous and don't understand how this shot works,0
2021-06-11 23:23:49+00:00,1403493201609039873,"$CVX nearing 100% annual yield.
Paid in their locked $CRV
That also earns &gt;100% yield.

Can't say no to that deal",44
2021-06-11 23:23:40+00:00,1403493165080981505,$CVX Waiting for Short signal. https://t.co/iqNgkCRQCB,0
2021-06-11 23:20:01+00:00,1403492245769175062,"@DCDOWORK My IRA dividend portfolio: MMM, VLO, CVX, IBM, IRM, XOM, FANG, AAPL, JPM, WFC, CIM, FNF, CWH, NUE and ABBV.  I reinvest the dividends and add on dips. Pay Me!!!",1
2021-06-11 23:06:21+00:00,1403488806611918852,"So far the peak of stake $CVX is 95.59% APY. Remember, Max Pain becomes Max Yield. https://t.co/IXbX8sTFRR",3
2021-06-11 22:47:18+00:00,1403484010131693576,"Top 10 yield farming projects. Make your #crypto work for you! Earn while #hodl. Easy peazy 

$ALPHA $ALPACA $WEX $YFI $CVX $ALCX $BUNNY $AUTO $BELT $BIFI https://t.co/kn5KBPDH9H",5
2021-06-11 22:16:47+00:00,1403476329786339329,"""The South Korean shipbuilding industry has shown off a range of models of the country‚Äôs planned first aircraft carrier, now known as CVX, which is intended to operate F-35B stealth fighters."" https://t.co/VNG87V7p7C",2
2021-06-11 22:09:07+00:00,1403474403065741314,"Just wanted to say thank you to peeps that jumped into stream, going to pick up cvx tomorrow or sunday possibly as enjoying it a lot, js the mozambique does work in apex ahaha, tried a bit of the phasmo update which the new ghost types and the new map are quite cool! also thank-",10
2021-06-11 21:17:05+00:00,1403461306351505415,@chigrl XOM caught a lot of flack vs CVX...This seems to validate their strategy of continued development.,0
2021-06-12 23:35:18+00:00,1403858479643774976,"$CVX just got even better, best deal in #DEFI right now.  I love airdrops.  $EPS claiming on BSC is cheap too.",2
2021-06-12 22:58:35+00:00,1403849237700485125,"I have REmake, 2R, 3R, CVX and Village on console as well. I‚Äôm in the mood for an RE title, but which one should I revisit this weekend? https://t.co/JEGJG080Af",4
2021-06-12 22:46:43+00:00,1403846251825831936,"@OmniscientStoic @Cryptoidealist Max supply is 100m and inflation is lowered every 100k tokens so it will be lowered 1000 times in total

If there are n remaining reductions your CVX reward is n/1000*[CRV reward]",0
2021-06-12 22:27:16+00:00,1403841356901060609,My new gem $CVX üòçüí™,1
2021-06-12 21:55:42+00:00,1403833415623856129,"@bluekirbyfi @Cryptoidealist Prediction: #Binance and the other big exchanges will launch $CVX staking this year. They couldn't do it with veCRV because of the locking, but they can with Convex.",8
2021-06-12 21:50:57+00:00,1403832219815321602,"Unpopular take: $CVX will outperform $YFI in the short term, even with high inflation

#DeFi #Crypto #Bitcoin $ETH",2
2021-06-12 21:50:06+00:00,1403832002680397824,@Cryptoidealist Any idea on when the CVX inflation stops? It's a bit crazy right now...,1
2021-06-12 21:44:18+00:00,1403830546996895744,"@joshmeyerrx @TheLastDegree I‚Äôm actually looking to sell it since I‚Äôm done having such an overkill car. I just want something that gets me from point A to point B. And invest the difference in Abraplata since I‚Äôve already built my BRK/B, CVX, and GM positions. So if I ever sel it I‚Äôll show u that",2
2021-06-12 21:09:21+00:00,1403821750706753538,"@10millionotters It is LITERALLY my dream house! Love the setting next to the waterfall, the CVX house on a hill-esque vibes... and yeah it is super calm when you first get there and not much happens...

But I could do without the dolls and what's in the basement üòÇ",4
2021-06-12 21:06:52+00:00,1403821126078197763,@JPicL Locked Curve is required to boost yield.  Curve is hard to use convex makes it easy by managing the locking process.  No one has as much CRV therefore they can‚Äôt offer as good yields which draws people to convex.  Locked curve also has income which benefits CVX and cvxCRV holders,1
2021-06-13 23:48:16+00:00,1404224129797083136,@Ak_cvx @snuurid @arkh Enough internet for today.,2
2021-06-13 23:47:35+00:00,1404223957214040065,"added more $crv and staked it on Convex $cvxCRV 117% not including the massive $EPS airdrops, which brings apy up to about 200% .  staked my $cvx rewards at 86% apy which earns me more $cvxCRV and the cycle repeats.  Lol.  Plus the $3POOL too",2
2021-06-13 23:47:27+00:00,1404223925198938116,"@Cryptoidealist @developer9180 Counter point is: Success of CVX depends on CRV, given the Curve's yield farming is trending lower and lower to the point that is no longer attractive to farmers.",0
2021-06-13 23:46:53+00:00,1404223783783776256,Will inflation keep going up: $spy $dia $gld $xlf $xle $xlk $xlp $xly $xlu $xlv $xlb $xli $jpm $aapl $gs $amzn $twtr $ibm $cat $bac $wfc $nflx $xom $cvx $wba $dis $wmt $nke $jnj $pfe $ups $crm $tsla $fb $ko $T $vz $fslr $lmt $ba $hon $mat $intc $mo $z $zm $disca $viac,1
2021-06-13 23:30:23+00:00,1404219628973432837,"@davidgokhshtein $GTC $CVX $CRV $YFI $EOS $RVN
I know you said the hottest but these prolly the most underrated right now.üíé",4
2021-06-13 23:22:10+00:00,1404217563865878532,$COP $CVX $E NEW ARTICLE : Exclusive-Energy majors bid for Qatar LNG project despite lower returns https://t.co/5DK8PS75Lh Get all the latest $COP related news here : https://t.co/yT58gg7Dsy https://t.co/PtiT3EuTzV,0
2021-06-13 23:21:50+00:00,1404217476565458948,@snuurid This man @Deji https://t.co/SSU6oHzZA5,0
2021-06-13 23:18:31+00:00,1404216642695876614,"I would prefer call #thelockening of $CRV by Convex the bburning of CRV. You know what I mean ü§©

All the locker get every befits veCRV has like $EPS airdrops, 3CRV payments, CRV bonus yields, and $CVX",3
2021-06-13 23:14:29+00:00,1404215630165811201,@snuurid @arkh Don‚Äôt let the haters get to you man your art is beautiful remember this picture u got this. You gotta bright future https://t.co/GKZKrUR6nx,10
2021-06-13 22:56:31+00:00,1404211106969788418,"#CRV price prediction at 100$ 2025... currently 2$ 
#CVX price prediction 2022 130$.. currently 6$..",0
2021-06-14 23:40:23+00:00,1404584534495072258,"@mechanicalmia If Jill gets her RE3 tanktop and skirt outfit I'll be levelling her before Leon buuuuut if Leon does indeed get the Code Veronica Chris skin I'll be levelling him üòç

But if its between Jill RE3 or Chris CVX then idk...my indecisiveness will kick in xD",1
2021-06-14 23:13:23+00:00,1404577739265429504,Stock markets after Fed meeting: $spy $dia $gld $xlf $xle $xlk $xlp $xly $xlu $xlv $xlb $xli $jpm $aapl $gs $amzn $twtr $ibm $cat $bac $wfc $nflx $xom $cvx $wba $dis $wmt $nke $jnj $pfe $ups $crm $tsla $fb $ko $T $vz $fslr $lmt $ba $hon $mat $intc $mo $z $zm $disca $viac,0
2021-06-14 23:11:32+00:00,1404577274284883980,"@CapcomUSA_ @RE_Games I desperately need some Dino crisis remakes, or CVX remakeüò≠",0
2021-06-14 22:48:01+00:00,1404571354821632001,"Popular demand to finish RE3 Remake?
Dino Crisis? Outbreak? CVX? Revelations 3? @CapcomUSA_ https://t.co/jOh9zLlWPr",7
2021-06-14 22:46:11+00:00,1404570893641306115,Jim Cramer: Own these stocks if the Fed leaves interest rates unchanged $FB $XOM $CVX $DOW $CLF https://t.co/zyLAu6p73I,0
2021-06-14 22:39:31+00:00,1404569214426488835,"@LevonMendall @developer9180 @ConvexFinance That makes sense, thank you. So why then is SBF daily harvesting and dumping his $CVX? Seems like he‚Äôd want to keep the $CVX to then influence how Convex votes their veCRV tokens so that they do so to his benefit.",0
2021-06-14 22:38:05+00:00,1404568856400629760,@chriswolfe_91 @ImSmoak_ @QueenFan21 @REcountdown I never played cvx so I‚Äôd agree,2
2021-06-14 22:36:48+00:00,1404568531799216128,"@ImSmoak_ @QueenFan21 @REcountdown @AlphaNovah95 I agree but RE4 is a lot more popular, and they‚Äôve specifically talked about remaking it. CVX needs one far more though. Even lore-wise it‚Äôs far more important than 4.",1
2021-06-14 22:33:39+00:00,1404567741890187274,"Eyecatching today: $RDS rumored to be selling Permian and stock outperforms (+2.7% vs. BP +1.9%, CVX +0.1%, XOM -0.2%). Guess we know what Euro/Big Oil investors want. Seems wrongwayed to me. Valuation always matters, but usually you want to buy/own companies buying from majors.",45
2021-06-14 22:29:06+00:00,1404566596346073090,"@QueenFan21 @REcountdown @AlphaNovah95 While I do see RE4 being remade, I doubt it's coming before CVX. Just like 2 and 3 a LOT of cult following fans have been asking for it longer. I'm one of them cause it definitely needs one. re4 doesn't as much.",2
2021-06-15 23:55:19+00:00,1404950680696233984,"$CVX @ConvexFinance 

Been patiently adding to this one down here at the demand level

A bunch of technical confluence on the most underrated #defi coin (23M MC - $4B TVL)

And by the looks of it Alameda is buying this up heavy on this breakout. Seems they must know something... https://t.co/25MX938d5f",31
2021-06-15 23:52:22+00:00,1404949939218751492,"The dollar denominated yield is misleading for $cvx. Each $cvx is a revenue share of the platform denominsted in $cvxCRV. As $cvx appreciates the $cvxCRV yield quantity remains the same thus the dollar denominated yield decreases. 

#PlatformRevenueShare",13
2021-06-15 23:50:39+00:00,1404949505775083521,"+50% so far $CVX, Front run in Crypto never get boring!!",5
2021-06-15 23:47:03+00:00,1404948598098378757,Why Chevron Is a Top Pick for Dividend Investors $CVX https://t.co/TIT0wEJG0x #investing https://t.co/FNsNU3p2nX,1
2021-06-15 23:33:59+00:00,1404945311789838340,a Ping to @bluekirbyfi could help this progress go faster haha! Thanks u about all of $CVX's threads,0
2021-06-15 23:32:05+00:00,1404944831558733824,"3/Sam is playing with $CVX, let's see what he done with $UNI, $YFI before (Defisummer v1 remember?). And this time is Convex!! Now you know what'll happen next! This beast @ConvexFinance will get back to 2 digits very soon and kick off the #Defi v.2 
Anyway i'm buying more at 5$!",3
2021-06-15 23:29:28+00:00,1404944176723099648,"2/Another wallets also start accumulating today https://t.co/snWMzPDVoE
If really Sam is doing this =&gt; $CVX up =&gt; number go up in @ConvexFinance rn =&gt; the #Defi wheel get back to work again =&gt; attract more $CRV come to town! =&gt; Everything up!",1
2021-06-15 23:26:47+00:00,1404943498185379842,"Alpha Leak!
You guys have been wondering why Sam dumps his $CVX everyday?? But rn, he's buying back!!
https://t.co/e7kKO1e2QG
1/Probably he's controlling the price to accumulate more and more! This could be a good sign, @ConvexFinance =&gt; FTX soon?",32
2021-06-15 23:21:38+00:00,1404942204557139969,"$CVX ... tick tock, tick tock",0
2021-06-15 23:11:13+00:00,1404939581984702469,"Which oil stock are you riding tomorrow? Hopefully, we get some good oil inventory numbers! $OXY $COP $XOM $CVX https://t.co/1JLJyrSq0M",4
2021-06-16 23:29:51+00:00,1405306660814569480,"@MFHoz Oil $USO $UCO $XOM $CVX $XLE and the Energy Sector are working beautifully as hedge against inflation. 
Demand for Oil will continue to increase as U.S. Economy reopens with diminishing Oil Supply. Moreover 
ESG makes Oil even more expensive.

https://t.co/N2NQpTvbin",0
2021-06-16 23:18:01+00:00,1405303682103746562,Closed $CRV and sold farmed $CVX,1
2021-06-16 23:15:45+00:00,1405303109468012551,"We have officially been working with CVX executives, managers and employees for over 20 YEARS! üéâ 

To celebrate, we are offering a complimentary consultation to all CVX employees! 

Book yours now by clicking the link below.
https://t.co/eaN1gbUYST https://t.co/gspb46qgYt",0
2021-06-16 23:09:33+00:00,1405301552429113344,"man it looks like i missed a fire ass day...

i see right away that OXY, DASH, ABNB and LOW worked with the triggers...and then CVX and ETSY didn‚Äôt trigger 

JWN puts worked for the first half of the day before it ripped lol",4
2021-06-16 22:45:28+00:00,1405295487813525505,"Scans from Wednesday, June 16, 2021: https://t.co/O9iA3YTJSD https://t.co/yvhuUE1Gja $ITUB $ARVL $GM $WISH $AAPL $PINS $AMC $CRM $GNRC $GSK $MRK $CVX $COP $XOM $ZM $SE $ZS $DASH $LI $SPLK #SwingTrading #technicalanalysis #trading #stocks #StockTrading #Options #OptionsTrading",0
2021-06-16 22:43:39+00:00,1405295031771148293,"@runebee We needed this in the early 2000s as a sequel to CVX with the Umbrella Takedown.

Hopefully‚Ä¶.HOPEFULLY, we possibly get some type of reunion with taking down the corrupted BSAA/Blue Umbrella. ü§ûü§û",9
2021-06-16 22:30:00+00:00,1405291597323902982,"Today's Top Bearish Flow... üêª

$VIPS $ABNB $RLX $TAL $SNAP $CVX

üëâhttps://t.co/2s8fBPWEHe

#options #stockmarket #wallstreet #nasdaq #nyse #fintech #blackbox https://t.co/vZPutkNJXK",0
2021-06-16 22:11:55+00:00,1405287045166104579,"#FastMoneyEspresso
FINAL TRADES:
Tim Seymour ‚Äî&gt; buy $CVX
Brian Kelly ‚Äî&gt; buy $CME
Steve Grasso ‚Äî&gt; buy $XLP
Guy Adami ‚Äî&gt; buy $PLTR https://t.co/rdfLuIQAvY",2
2021-06-16 22:02:49+00:00,1405284756778979328,"Final trade time!

PLUS: Don't forget to tune in tomorrow for something a little extra special...

$PLTR $CME $CVX $XLP https://t.co/QpkX470Z2F",15
2021-06-16 21:34:05+00:00,1405277526461583363,"Large Print $CVX Size: 129,825 Price: 109.67 Time: 1734 Amount: $14,237,907.75 - Delayed - For real time prints subscribe to https://t.co/JWvlYbvmfL",0
2021-06-17 23:55:53+00:00,1405675598857576451,"$Cvx was crowded.. $xom is cheaper, higher yield, and a more dramatic turnaround story. I got in at a good price and I'm holding until its $70-$75, possibly $85 if oil prices get to and sustain at $80",1
2021-06-17 23:37:13+00:00,1405670899387338755,$5 $CVX is a great hedge against the rest of the market. Lets see what happens over the next week. $crv $matic $mod $ftm $cvxCRV $celr,5
2021-06-17 22:41:12+00:00,1405656805296906243,"@DefiMoon @CryptoApe23 @ConvexFinance @iearnfinance If Convex locks up enough veCRV, then holding CVX for governance will really mean curve governance, right?",0
2021-06-17 22:15:56+00:00,1405650446400704514,"With the recent news of Anchorage and Swiss Sygnum Bank offering institutional custody for $CRV, it was only a matter of time before @Grayscale jumped in.

How long before Grayscale joins #TheLockeningüîíwith their billions to farm $CVX? ü§î @BarrySilbert 

#BoostWars ‚öîÔ∏è",34
2021-06-17 22:07:20+00:00,1405648282043420676,"For anyone who can't read the more fuzzier bits:
""After all these years...""
Book 1: CVX by SD Perry
Book 2: Revelations by SD Perry
Book 3: Revelations 2 by SD Perry
""Finally, I have them all.""",1
2021-06-17 21:47:01+00:00,1405643168025124864,Scan results - Hammer Candlestick today: $WRE $CHK $DEN $ARCH $HIBB $ROST $CTVA $ABCL $CVX $CWK $SUN $ROP $RARE $UNIT $SANM $LPX $CI $STAG $CAH $SHW ... https://t.co/kw59SuuHN3,1
2021-06-17 21:42:56+00:00,1405642140156403712,"@hakandahlstrom @EnergzdEconomy Hakan you seem unaware of the entities that in reality compromise ""big oil"". Hint, they are for the most part not publicly traded, therefore not subject to pressures similar to XOM, CVX, etc.",0
2021-06-17 21:34:01+00:00,1405639898401497095,$CVX ready for breakout? It is showing a excellent technical setup pattern at least. https://t.co/4lz9H26a2E,0
2021-06-17 21:32:17+00:00,1405639461644423173,"@DefiMoon @ConvexFinance @iearnfinance Why not deploy a yearn vault that utilizes convex? Same as yv boost except staking 50/50 between the cvx-crv/crv SLP pool and the other half in cvx-crv staking. Autocompound the earned sushi/cvx/cvx-crv/3crv back into more CRV, and re stake, etc.??",1
2021-06-17 21:22:32+00:00,1405637006454034447,"S&amp;P 500 Map at close 
 $MSFT $AAPL $GOOGL $FB $AMZN $DIS $V $TSLA $HD $MA $NFLX $WMT $JNJ $PFE $ABT $PYPL $BAC $JPM $KO $T $ORCL $VZ $MMM $UNH $DHR $TMO $MU $CAT $PG $TMO $CVX $NKE $D $CRM $MRK $ABBV $SBUX $XOM $COST $DG $LOW $CSCO $BA $DUK $GILD $GM $LLY #SP500 #SPX500 #SPX $SPY https://t.co/sX1zb9sFnB",1
2021-06-18 23:33:05+00:00,1406032250408427522,"$CVX  Out of the 90 other times CVX was down 3.7% during a trading day, 53% of the time it traded higher by the next day's market close. #CoinFlip https://t.co/eAN3MrRlaj https://t.co/kYU3sJr1lb",0
2021-06-18 23:26:02+00:00,1406030473072058368,"#TheLockeningüîícontinues toüìà

Convex adds 1.2m vote-locked $CRV over the past two days, growing its lead over Yearn to 19.9m veCRV.

Convex: 38.3m
Yearn: 18.4m

cvxCRV - CRV: 1:1
yvBOOST - CRV:  0.8:1

CRV vote-locked: 214.7m (64.08% of all circulating CRV)

$CVX &gt; $YFI ‚úÖ https://t.co/FSvjJysMi4",27
2021-06-18 22:57:16+00:00,1406023235112783872,@BlockEnthusiast I agree with this 100%. The game has changed for sure with the emergence of $CVX and #theLockening.  DAO will have to think weather they want to farm and dump or farm and lock. üîê üî•,0
2021-06-18 22:16:21+00:00,1406012936292798467,"@Donald52266315 To elaborate.

$3crv yield is what's most pertinent &amp; proportional to the volume on Curve

The $ value of the $crv yield is irrelevant, as it's destined to be locked to pursue maintaining proportional ownership of platform fees

The $ value of $cvx is a ? depending on intentions",3
2021-06-18 22:11:15+00:00,1406011656233160708,"Outside Weeks
$SPY $VIX $XLU $SMH $SPX $INTC $MCD $DIS $QCOM $AMD $DUK $D $XOM $CVX $COP $SBUX $TJX $RL $PEP $COST $EL $TXN $AMT $PTON
#TheStrat https://t.co/EQ279XLhZG",1
2021-06-18 22:04:10+00:00,1406009870839693323,"@intocryptoverse most of my coins are in CVX.  So farming ETH-CVX to get CVX...farming CVX to get cvxCRV.  farming cvxCRV to get CRV, CVX and 3CRV.",0
2021-06-18 22:03:49+00:00,1406009782197178374,@ETFStockReport results for  6/18/21  $DIA $QQQ $SPY $SPX $Nasdaq $DJIA $VIX BITCOIN $AAPL $MSFT $AMZN $GOOG $FB $TSLA $JPM $NVDA $JNJ $WMT $V $BRKB $UNH $BAC $MA $PG $HD $DIS $PYPL $CMCSA $XOM $KO $ADBE $ORCL $VZ $INTC $CSCO $CRM $NFLX $PFE $CVX $T $PEP $ABBV $LLY https://t.co/xFcE5wGAMg,0
2021-06-18 22:00:09+00:00,1406008859714596865,"The stock market is like a cheese pizza, the more valuable stocks (toppings) you have the better your portfolio (pizza) will be üî•

üçï Apple $AAPL
üçï Amazon $AMZN
üçï Chevron $CVX
üçï Coca-Cola $KO
üçï Home Depot $HD
üçï Johnson&amp;Johnson $JNJ
üçï ONEOK $OKE
üçï Tesla $TSLA
üçï Visa $V https://t.co/zPGLaSWe82",1
2021-06-18 21:54:06+00:00,1406007339103272960,Steam game - in other water - streaming at https://t.co/zMSyZ5Bn67,0
2021-06-18 21:53:47+00:00,1406007257360371716,"USDC:miMATIC overtook USDC:USDT on Polygon's QuickSwap $QUICK

Probably Nothing. üôÑ $QI $miMATIC

$MKR $DAI $USDC $USDT $BTC $ETH $AAVE $COMP $SUSHI $UNI $ADA $XRP $XLM $BNT $YFI $LINK $QNT $ALGO $EGLD $AVAX $SOL $FTM $CRV $CVX",1
2021-06-19 23:24:17+00:00,1406392419780894724,Aaaaand this is why I don't want a CVX remake. üëá,10
2021-06-19 22:54:10+00:00,1406384843009712130,"Q: Why don't companies
advertise like $ET #EnergyTransfer 
tell the truth about oil &amp; gas industry
fueling the world in which we live.
#pipeline #oilandgas #iykyk 
$CVX $COP $XOM $BP $EOG
$OXY $RIG $RDS $WMB #OOTT 
@USGA #USOpen @PGATOUR 
@NBCSports #golfontwitterüõ¢Ô∏è
oil stories https://t.co/ihwO9202Iq",0
2021-06-19 22:14:40+00:00,1406374900005224449,"@BigBashMan_ CVX is one of the best RE games for sure in my opinion, it's definitely up there but I don't think it gets as much attention and love as it should and it definitely deserves the remake treatment at this point tbh but the game is somewhat overlooked though",6
2021-06-19 20:49:40+00:00,1406353510896177158,"#OOTT | HOUSTON (Reuters) -Chevron Corp said on Saturday it was returning offshore workers who had been evacuated ahead of Tropical Storm Claudette from its Gulf of Mexico production platforms. via @Marketscreener1 @Reuters  $CVX

https://t.co/mRPsftVeEY",0
2021-06-19 20:48:49+00:00,1406353295975882753,"@JohnnyObama4 @JoshuaPollard @sand_frac I don‚Äôt think the red bucket challenge was anywhere close to going above, much less beyond. They drug their feet for several days, as she begged them for help and expertise, trying to gauge the health of her herd, while still mourning her mom.

Q1 CVX earnings was $1.4 billion.",0
2021-06-19 20:41:58+00:00,1406351572423090178,"(Reuters) - Chevron Corp said on Saturday it was returning offshore workers who had been evacuated ahead of Tropical Storm Claudette from its Gulf of Mexico production platforms.

(via @Reuters) $CVX  https://t.co/s3fPVF8X4q",2
2021-06-19 20:21:24+00:00,1406346396719095809,"@nimblephatty @TheZiz74 @AllsupsOil @theemilyaccount @sand_frac @Chevron I‚Äôll be curious to hear if Chuck would have done differently than CVX in this case? Weed through the 1000+ landowner ‚Äúissues‚Äù per day, figure which ones are real, which ones aren‚Äôt, diagnose the problem, plan the solution, and implement the logistical response in less than 5 days",1
2021-06-19 20:07:28+00:00,1406342891706986497,"@TheZiz74 @AllsupsOil @theemilyaccount @sand_frac @Chevron To be fair, that all happened this week.   Even a quick plan, followed by getting the logistics handled usually take WAY longer than that, so I wouldn‚Äôt pat anybody on the back here and act like they had anything to do with CVx‚Äôs response. Could have, but that response was fast!",0
2021-06-19 20:03:03+00:00,1406341780723884036,"$CVX NEW ARTICLE : Chevron returning offshore workers, restarts output halted by U.S. storm https://t.co/wyAhrKBvVy Get all the latest $CVX related news here : https://t.co/JWbh4mxzrh https://t.co/0idqtFDAaY",0
2021-06-19 20:01:15+00:00,1406341326757679107,"@TheZiz74 @AllsupsOil @theemilyaccount @sand_frac @Chevron Things always happen.   Not just in oil and gas, but in life, some things can get off track.   What matters is how people deal with those issues that pop up.   In this case, CVX mobilized an army and handled it very quickly.   They went above and beyond.  Let‚Äôs give them a hand.",0
2021-06-20 23:52:39+00:00,1406761947198984195,"üîí#TheLockening Update: üîíüîíüîíüîíüîíüîíüîíüîíüîí
üîíConvex lead over Yearn expands to 22.3m!‚öôÔ∏èüí™
üîíConvex added 1.4m new $CRV past 24h!‚öôÔ∏èüí∞
üîíConvex daily profits 1.1m/day $CVX ‚öôÔ∏èü§ë
üîíConvex: 40.7m veCRV ‚öôÔ∏èüê≥
üîíYearn: 18.4m veCRV‚öôÔ∏èü¶Ω
üîíüîíüîíüîíüîíüîíüîíüîíüîíüîíüîíüîíüîíüîíüîíüîíüîíüîí",27
2021-06-20 23:48:51+00:00,1406760992198045696,"@JordiMorris1 @CurveCap @ConvexFinance I guess it‚Äôs just too early to have any worry about this now. But when the time approaches, $CVX will be the ultimate winner(assuming Curve will be at least as dominant as now).",0
2021-06-20 23:37:47+00:00,1406758206118924291,@GlRLSAREGOOD From what Little I've Heard I Like his Chris Way more than 7's. Ain't No CVX or Sonic Chris but It's Damn Good so I'm Glad they Kept Him in the Series.,1
2021-06-20 23:32:32+00:00,1406756883822637057,@ConvexFinance $CRV $CVX TO THE MOON https://t.co/ZOt6R13HLu,4
2021-06-20 23:21:13+00:00,1406754038570438662,@BartsCharts $CVX (Weeklly) Bearish Gartley https://t.co/f6bovhBVpl,5
2021-06-20 22:26:25+00:00,1406740247963213828,@ConvexFinance $CVX vs $YFI ! Congratulations everyone !  #thelockening #cvxshallpass https://t.co/KgD7KtdOg3,1
2021-06-20 21:47:35+00:00,1406730475897556999,@noahseidman Makes me want to stake more $CVX. How low can we go? I'm just going to DCA into this and eventually catch the bottom to ride it up.,0
2021-06-20 21:47:31+00:00,1406730456750493696,"@ReySantoscrypto $HORD $BBANK $CVX
they say it will be fine in the long run, right?",1
2021-06-20 21:44:40+00:00,1406729740006920192,"@noahseidman If $CVX goes lower, it's yield goes up. When $CRV price goes up due to buying, #TheLockening üîê, and supply lowers it's yield goes higher.",1
2021-06-20 21:41:29+00:00,1406728939859369988,"$CVX is so undervalued wtf üòÖ

See y‚Äôall at 1 billion + evaluation üí∏",1
2021-06-21 23:12:33+00:00,1407114246354243592,Brent Cruse Oil looks like its doing a bearish pattern. I seen this formation in the past. If it goes below $74.50 watch out $slb $hal $CVX  üò≥ https://t.co/V83AHLZh5F,0
2021-06-21 22:24:15+00:00,1407102091290546176,"üîí#TheLockeningüí™üí•

Convex added 800k new vote-locked $CRV to its bagüí∞ 
Yearn is fighting to stay competitive with a 1.4m buy &amp; lock $YFI ‚öîÔ∏è $CVX

Net result: 3.5m CRV taken off the market‚úÖ

CRV vote-locked: 222.3m, 67.27% of all circ. supplyüìà‚úÖ

CRV ""halvening"" in Augustüòç https://t.co/7wew7fLyCo",20
2021-06-21 21:47:53+00:00,1407092937532575751,"Most active stocks in today's after-hours trading

Exxon $XOM
Philip Morris $PM
Apple $AAPL
$BAC
Microsoft $MSFT
Mondelez $MDLZ
Pfizer $PFE
Wells $WFC
Bristol Myers $BMY
$WISH
Comcast $CMCSA
Merck $MRK
Cisco $CSCO
Ford $F
$AMC
AT&amp;T $T
Tesla $TSLA
Chevron $CVX
$CFX
$TJX",8
2021-06-21 21:36:47+00:00,1407090146021871616,"Impressive, very nice.

$CVX vs $YFI https://t.co/o6QtKmtiOT",4
2021-06-21 21:29:53+00:00,1407088407235420162,Playing the CVX Remake demo https://t.co/v03Q8uNFnO https://t.co/pOrePrewR2,96
2021-06-21 21:24:41+00:00,1407087099971518468,"@ConvexFinance yielding 9.98%
 
Rewards: $stETH, $CRV, $LDO, $CVX
 
Link: https://t.co/L66PCh1iXZ
Guide:https://t.co/x6bTsJyNuq
 
Convex Finance allows users to stake steCRV LP tokens into their vault, to farm LDO, CVX, trading fees, as well as boosted CRV rewards https://t.co/995BeBV32y",3
2021-06-21 21:19:25+00:00,1407085771698315267,Using Average True Range Stop Loss Placement https://t.co/Dyjf5U6JmB $SPY $SPX $AXP $CVX $GS #OptionsTrading,2
2021-06-21 21:08:51+00:00,1407083113096826885,"Large Print $CVX Size: 130,327 Price: 106.05 Time: 1708 Amount: $13,821,178.35 - Delayed - For real time prints subscribe to https://t.co/JWvlYbdLod",0
2021-06-21 21:05:58+00:00,1407082387381628931,"Large Print $CVX Size: 577,384 Price: 106.05 Time: 1705 Amount: $61,231,573.20 - Delayed - For real time prints subscribe to https://t.co/JWvlYbdLod",0
2021-06-21 20:37:03+00:00,1407075112411664393,Why Chevron Is a Top Pick for #Dividend Investors $CVX https://t.co/TIT0wEJG0x #investing https://t.co/fFs8fYvENM,1
2021-06-22 23:50:27+00:00,1407486169953230850,"@adjustMyEbitda But who would buy them? $XOM not allowed. $CVX gonna get the $XOM treatment, euro majors out. ü§∑üèª‚Äç‚ôÇÔ∏è",1
2021-06-22 23:47:02+00:00,1407485312390074370,Why Chevron Is a Top Pick for Dividend Investors $CVX https://t.co/TIT0wEJG0x #investing https://t.co/msTPJu344w,2
2021-06-22 22:26:20+00:00,1407465002009874435,@yacine_fall @eliaswalyba A user would typically be interested in focusing on developping its app not all the machinery around. Public cloud product such as Amazon Lambda / Google App Engine / Azure Apps services are similar in user experience. K8s covers a broader scope with more options / flexibility,1
2021-06-22 22:20:31+00:00,1407463537748889608,"@yacine_fall @eliaswalyba Well, most of the replys are accurate. I would add , from the user perspective it abstracts layers (infrastructure, network) and provide built-in features that are a must have for production (scaling, healthcheck etc). 
It's a usual business need to have production-tier env fast",1
2021-06-22 21:54:32+00:00,1407456998942248960,*less packet loss and low ping,0
2021-06-22 21:53:53+00:00,1407456834663944201,"By this I mean they have experience and should know how to deal with pressure. And will play in better network environment with less loss-ping. They are just young-gen pros who are unlucky. Like, imagine no LAN matches to prove you at an age should be your peak start.",0
2021-06-22 21:49:24+00:00,1407455706421284888,Gambit youngsters have played together before Covid-19 era and have won som LAN matches at that time. Academic/tier-2/3 matches tho. I mean they have experiences so thinking they will be rekt at LAN is totally unreasonable.,0
2021-06-22 21:29:14+00:00,1407450631237947393,@sarah_e_unicorn @sand_frac Just think of the CVX legal folks who have to start (probably already have) an anon Twitter to follow all this stuff.,13
2021-06-22 21:26:59+00:00,1407450065820696576,$XLE $XOM $CVX Outperformer So far This¬†Year https://t.co/WvIrVMKpbp,0
2021-06-22 21:24:32+00:00,1407449450952466435,"Large Print $CVX Size: 155,872 Price: 106.4 Time: 1724 Amount: $16,584,780.80 - Delayed - For real time prints subscribe to https://t.co/JWvlYbdLod",0
2021-06-23 23:19:39+00:00,1407840805298049031,"$AAPL ATH IS EMINENT!üí∏üìà

$MSFT $GOOGL $FB $AMZN $DIS $V $TSLA $HD $MA $NFLX $WMT $JNJ $PFE $ABT $PYPL $BAC $JPM $KO $T $ORCL $VZ $MMM  $SPY $UNH $DHR $TMO $MU $CAT $PG $TMO $CVX $NKE $D $CRM $MRK $ABBV $SBUX $XOM $COST $DG $LOW $CSCO $BA $DUK $GILD $GM $LLY #SP500 #SPX500 #SPX",0
2021-06-23 23:02:34+00:00,1407836508669677573,Hedge Funds Never Been Less Bullish On Chevron Corporation (CVX) - Yahoo Finance https://t.co/Zo9X1y56jF https://t.co/Cvqpk01Mnc,0
2021-06-23 22:57:50+00:00,1407835317630025732,"$AAPL BREAKOUT!üí∏

$WFC $JPM $C $BBD $BK $ITUB $SAN $GS $AAPL $MSFT $NFLX $AMZN $FB $BABA $GOOGL $ADBE
$GLOB $SNAP $TWTR $CSCO $COST $EBAY $MELI
$ETSY $WMT $SHOP $JD $BIDU $TSM $INTC $QCOM $NVDA $AMD $NIO $TSLA $ALB $FSLR $HMY $X $GOLD $VALE $SQM $GLD $SLV $PBR $XOM $VIST $CVX $F",0
2021-06-23 22:30:52+00:00,1407828529484550144,"you can be a top Fifty holders of $CVX for around $6,000. $btc $eth $crv $matic $sushi $Uni",3
2021-06-23 22:19:37+00:00,1407825699830996993,$CVX Was up 1.63 %. Turned negative -0.12% | (Green to red move) #GreenToRed https://t.co/GVxlCwgmt1 https://t.co/9N4V6vYgAY,0
2021-06-23 22:18:20+00:00,1407825375833595904,"#FastMoneyEspresso
FINAL TRADES:
Tim Seymour ‚Äî&gt; buy $CVX
Dan Nathan ‚Äî&gt; buy $VIAC.b, rumors of buyout by $CMCSA
Guy Adami ‚Äî&gt; buy $TWTR https://t.co/dHdFM0nVbw",0
2021-06-23 22:15:58+00:00,1407824781630713858,"$CVX by @timseymour 
$VIAC by @RiskReversal #ViacomCBS 
$TWTR by @GuyAdami",0
2021-06-23 22:01:51+00:00,1407821227620720649,"Final trade time!

$CVX $VIAC $TWTR https://t.co/C5W8anXgzW",35
2021-06-23 22:01:32+00:00,1407821150093295618,"CNBC Fast Money Final Trades: 
Tim Seymour: Chevron $CVX $106.27
Dan Nathan: ViacomCBS $VIAC $41.84
Guy Adami: Twitter $TWTR $66.49

@timseymour @RiskReversal @GuyAdami @CNBC @CNBCFastMoney",4
2021-06-23 22:00:34+00:00,1407820906404085760,Good call on $CVX @timseymour ü§ò https://t.co/pt3Hc4cMgg,0
2021-06-24 23:49:24+00:00,1408210679992131593,"@edoshcrypto @BadgerDAO @ConvexFinance Noob question but why would someone do this?  The APR on Badger and the APR on Convex are essentially the same:  

cvxCRV: 93.2% vs. 92.3%
CVX: 81.7% vs. 81.9%",1
2021-06-24 23:29:16+00:00,1408205614807928832,"Millions of crypto coins for free
Join https://t.co/ZehFiQJhb9

$btc $eth $step $cvx $mina $bnb $doge $ada $xrp $link $dot $matic $sol
$ADA $BTC $BNB $DOGE $REEF $DOT $XRP $ETH $VET $CAKE $SFP $XLM $ALGO $TRX
$DOGE $AKITA $YDOGE $SHIB $HUSKY $POODL $FEG $CAT $WORLD $BFLY https://t.co/jrJaL4MvXy",0
2021-06-24 23:26:09+00:00,1408204828862464008,The origins of Royal Dutch Shell trace back to the late 1800s. The company's dividend cut in 2020 was its first since 1945. $RDS.B $XOM $CVX $COP $BP $PSX https://t.co/xMyTZCqIhk,2
2021-06-24 23:19:56+00:00,1408203265054019587,"Just wanted to say thank you to peeps that popped in stream, cvx is a great RE game but alexia can quite literally go fuck herself ahaha, thank you to those that followed and thank you to @lupylea, anf4lcan, @ToxicFigment, oleymoley250, z0nes and @Quasi_a_la_Modo for the raids!‚ù§Ô∏è",9
2021-06-24 23:18:25+00:00,1408202886098661378,"S&amp;P 500 Map at close
$MSFT $AAPL $GOOGL $FB $AMZN $DIS $V $TSLA $HD $MA $NFLX $WMT $JNJ $PFE $ABT $PYPL $BAC $JPM $KO $T $ORCL $VZ $MMM  $SPY $UNH $DHR $TMO $MU $CAT $PG $TMO $CVX $NKE $D $CRM $MRK $ABBV $SBUX $XOM $COST $DG $LOW $CSCO $BA $DUK $GILD $GM $LLY #SP500 #SPX500 #SPX https://t.co/Mb5UUY96Pu",5
2021-06-24 23:14:30+00:00,1408201900093149184,"Still here delivering quality yield for our #farmers üöú

Oh is that a new $CRV $CVX strategy hanging out with the latest $UNI v3 pools? üëÄ
@CurveFinance @ConvexFinance @Uniswap $FARM $ETH $BTC https://t.co/t3Cjb2aMqC",31
2021-06-24 22:52:06+00:00,1408196262634131462,@oldarmy1 ü§îGot any buddies working for RDS or CVX in GOM,0
2021-06-24 21:09:08+00:00,1408170348051304451,$CVX 2-1-2 continuation on the 60. https://t.co/nCd42E9xXy,5
2021-06-24 20:37:54+00:00,1408162489314025489,@ConvexFinance What's the typically schedule for $EPS airdrops to be claimed on $CVX?,1
2021-06-24 20:14:40+00:00,1408156641938186242,The rate at which $crv is locking will soon create a supply shortage as demand continues to increase now thanks to @ConvexFinance. Nearly 2/3 circulating supply now locked. $crv is your key to sustainable passive income. $cvx,10
2021-06-25 23:55:57+00:00,1408574719066992640,"Market looks weak, alts in nuke mode

Sold a bunch of $CVX but still staking some and forgetting about it

Just being transparent :)",0
2021-06-25 23:19:46+00:00,1408565610766684160,"https://t.co/BTiSPRqXHt

The @ltse has had trouble getting traction, but @CurveFinance @iearnfinance @ConvexFinance  have gone viral with a similar concept. Is crypto inclined to long term incentives or just attractive yields the only things powering growth? #crv #cvx #yfi #defi",2
2021-06-25 22:35:17+00:00,1408554418111406081,"Hyundai Heavy Industries at MADEX 2021: CVX, HPD-1500 Neo OPV, HCX-21 Tr... https://t.co/k1SDnwxsdL via @YouTube",0
2021-06-25 22:31:03+00:00,1408553351302819848,Why Chevron Is a Top Pick for Dividend Investors $CVX https://t.co/TIT0wEJG0x #investing https://t.co/raqkvHSOBX,0
2021-06-25 22:21:04+00:00,1408550838205825035,@ContextEvil Most under rated RE title? I say CVX HD PS3,0
2021-06-25 21:45:00+00:00,1408541764470853635,"S&amp;P 500 Map at close
$MSFT $AAPL $GOOGL $FB $AMZN $DIS $V $TSLA $HD $MA $NFLX $WMT $JNJ $PFE $ABT $PYPL $BAC $JPM $KO $T $ORCL $VZ $MMM  $SPY $UNH $DHR $TMO $MU $CAT $PG $TMO $CVX $NKE $D $CRM $MRK $ABBV $SBUX $XOM $COST $DG $LOW $CSCO $BA $DUK $GILD $GM $LLY #SP500 #SPX500 #SPX https://t.co/liZUat29uS",0
2021-06-25 21:44:33+00:00,1408541649089843203,Wall Street Crime And Punishment: Ivan Boesky Gives Greed A Bad Name $CVX $PM https://t.co/9dXogDlZya,0
2021-06-25 21:20:27+00:00,1408535583601819649,"Everyone is in the (3,3) club, they just don‚Äôt wanna leak the alpha. üëÄ $crv $cvx $ohm",4
2021-06-25 21:13:25+00:00,1408533814025101320,#P90X3 Rain ruined any biking chance so CVX done. No breaks. Happy Friday. https://t.co/vI1usN7dGz,0
2021-06-25 20:11:44+00:00,1408518291530866688,Phil Hall's Wall Street Crime and Punishment: Ivan Boesky Gives Greed A Bad Name $CVX $PM https://t.co/JXwW6sv821 via @benzinga #Detroit #WallStreet #investing #crime #fraud #IvanBoesky #arbitrage,0
2021-06-26 23:01:24+00:00,1408923378019356677,"$BIIB OVERREACTION $LLY NOT EVEN APPROVED

$MSFT $GOOGL $FB $AMZN $DIS $TSLA $HD $MA $NFLX $WMT $JNJ $PFE $ABT $PYPL $BAC $JPM $KO $T $ORCL $VZ $MMM  $SPY $UNH $DHR $TMO $MU $CAT $PG $TMO $CVX $NKE $D $CRM $MRK $ABBV $SBUX $XOM $COST $DG $LOW $CSCO $BA $DUK $GILD $GM  #SP500 #SPX",0
2021-06-26 22:11:25+00:00,1408910797179437059,"$tsla weekly sentiment poll:
 Bullish vs Bearish on $tsla?
$btc $doge $ndx $spy $brk $cciv $f $gm $cciv $gme $spy $eth $cvx $bp $ko $dal $coin $qqq $sqqq $eth $enph $sq $dis $aapl $amc $wkhs $roku $se $tlry $clov $dis $jpm $goev",0
2021-06-26 21:51:33+00:00,1408905801734004738,"the Defund Capex movement for $XOM + $CVX has been very successful: combined LTM capex is at ~2005 levels. Thankfully, oil is plentiful and easy to find. https://t.co/3CgpKUPiOt",1
2021-06-26 21:48:00+00:00,1408904906354925569,"@Cryptoyieldinfo CVX Fully Diluted Valuation/TVL Ratio is 0.08  vs CRV's @ 0.54, i.e., a 775% discount.  CRV is, of course, much more mature, but that differential seems extreme. ü§î Possibly the fact that no locking is required on CVX? Thoughts?",0
2021-06-26 20:50:25+00:00,1408890414791376902,"@defipulse @ConvexFinance @pendle_fi @DuneAnalytics @cdixon @dextfprotocol @O3_Labs sers - why no @ConvexFinance on defi pulse leaderboard? over 3.5 b tvl should lead to some credibility, no? $cvx $crv",2
2021-06-26 20:46:27+00:00,1408889416672813062,"@Tetranode @JamesSpediacci Psyops, like you did with $cvx",0
2021-06-26 19:22:19+00:00,1408868244585336837,"@ScmKid @WillRayValentin Yup, but degree of tech risk reduced.  Political risk cannot be avoided but it can be mitigated.  $CVX $TOT $EQNR operate in VZ with bare minimum CAPEX.",1
2021-06-26 19:18:39+00:00,1408867321884680192,"If you are bullish on $CRV, you really should look up $CVX 

@ConvexFinance has been live for a month, and already has 20% of total $veCRV locked (for ever) as $cvxCRV (liquid veCRV).

Your share of $CVX will give you the voting power of said $cvxCRV https://t.co/lTC29p8emc",15
2021-06-26 18:36:12+00:00,1408856640162435075,"1.@Chevron ,2.@Shell &amp; 3.@TotalEnergies 

3 #TopStocks in #Energy @themotleyfool #stocks $CVX $RDS.B $TOT 

https://t.co/sDYRoJGcju https://t.co/KmXNsZzN2s",0
2021-06-26 18:24:14+00:00,1408853624906604547,$XLE continues to work its way up through multi year resistance and many of the charts in that sector still look good and near term actionable. I will post several of these but for now here is the $XLE weekly highlighting the battle and the $CVX daily which is just basing. https://t.co/jXD6HVqE08,2
2021-06-27 23:49:19+00:00,1409297822818701312,"Weekly Watchlist (7/2/21)*

Top 10 Picks (Charts in replies coming soon)
In no order
$BYND
$ZNGA
$JNJ
$DASH
$XSD
$RKT
$EXPE
$SNAP
$CHGG
$CVX

Misc
$COST in
$ABT 
$JD in
$NFLX
$DIS
$MDT
$TMUS
$UPS
$SHOP
$FB
$SE
$AAPL
$LOW in
$UNH in

*Not Financial Advice",20
2021-06-27 23:29:00+00:00,1409292709634973699,"@defiprime $CVX - Simplifies Curve boost, #TheLockening üîê, Flywheel üé°  ( üîÅStake $CVX Earn/Stake $cvxCRV Earn/Stake $CRV $CVX #3CRV Earn/Stake üîÅ )",3
2021-06-27 23:16:03+00:00,1409289452028006401,"@Luciano_vPEPO @gggonecrypto Yeah, when their liquidity is not out of range or being played by the VC bots. üòÇ

LPs on TriCrypto get a cut of CRV, and CVX if they stake in Convex. Both have governance rights and both tokens are income-producing!!!

I know which one is the smarter long-term play.",1
2021-06-27 23:10:28+00:00,1409288046541901825,"$FRAX market cap at new ATH of 145.4m‚úÖ
FXS having its own mini-lockeningüîí with 2.99% of FXS locked as veFXS, and growing rapidlyüìà‚öôÔ∏è‚úÖ
FRAX Curve pool LPs receiving some of the highest APRs on Convex ( $CRV, $CVX, $FXS rewards üí∞)‚úÖ

All systems are go!üöÄüåõ #Defi https://t.co/R6K4mtMWXQ",8
2021-06-27 21:54:21+00:00,1409268891533004802,"@ryanallis Top 5 fav DeFi opp's right now? My 5:
1. AutoCAKE (Pancake)
2. yvBOOST-ETH (Yearn/Sushi/Pickle)
3. CVX CRV TriCrypto (Curve/Convex)
4. Pickled LQTY (Liquity/Pickle)
5. bFARM fCRV renBTC (Curve/Badger) - Zapper says  &gt;500% APY but I can't find it...

Whutchu got??",0
2021-06-27 21:34:25+00:00,1409263876131065860,Energy update. $XLE $CVX $MRO $VLO $DVN $HES,0
2021-06-27 21:30:04+00:00,1409262780549578760,"S&amp;P 500 cos. with the high 2021 EPS growth 
Many large cos. in each sector are expected to grow EPS more than 35%. Click: https://t.co/Ra3IYnoOPV
$TSLA $GOOGL $AMD $NFLX $XOM $MU $WFC $QCOM $TWTR $PFE $NKE $CVX
#TSLA #GOOGL #AMD #NFLX #XOM #MU #WFC #QCOM #TWTR #PFE #NKE #CVX https://t.co/b4attE5UdP",3
2021-06-27 20:39:55+00:00,1409250161071624195,"$CVX Still looking good for a push into the 130s...along with $DJI stocks like $BA, $WMT and $DIS also looking nice https://t.co/viVvqiLqAO",1
2021-06-27 19:54:27+00:00,1409238717563379713,@sand_frac @Chevron Well sometimes Mother Nature does not cooperate and sometimes shit just breaks.  Work with CVX and they will step up and fix what‚Äôs broken.  You will be compensated as well.  Be an ass and you will be treated like one.,0
2021-06-27 19:15:54+00:00,1409229018067398658,3 Oil Stocks to Buy as Crude Prices Barrel Toward $100 @themotleyfool #stocks $OXY $BAC $DVN $CVX $MRO https://t.co/xdPlzpxWIb,0
2021-06-28 23:29:55+00:00,1409655331605471240,"$T was King, and threw it all away. $KO $ABBV $XOM $CVX and others still there.
https://t.co/QoQ14Ehp52 https://t.co/WHAVdVdwHI",0
2021-06-28 23:04:10+00:00,1409648850772496388,"For anybody asking in my Dms this is my #DeFi play right now üîí

Bullish or Bearish the APY% is juicy enough for me to park there &amp; be confident about it‚Äôs success longterm 

Sleeping well with my yield stacking in Convex üí∏üòå #PassiveIncome

$CVX $CRV $CVXCRV $EPS $SUSHI https://t.co/2dCyEG5BHu",9
2021-06-28 22:48:51+00:00,1409644996714590220,"üö®Gustos Watchlist 6/29üö®

$ABNB Calls &gt; 155 Puts &lt; 147.75
$CVX Calls &gt; 108 Puts &lt; 106.80
$PLTR Calls &gt; 27.75 Puts &lt; 23.60
$BAC Calls &gt; 42 Puts &lt; 41
$DKNG Calls &gt; 53.10 Puts &lt; 51.70

Tomorrow, we kill it!! Be patient, and TRADE YOUR PLAN! üó£üí∞üíØ

$BAC and $DKNG charts below üëáüèæüëáüèæ https://t.co/j66xwElIIC",10
2021-06-28 22:44:34+00:00,1409643918002511876,Open swing positions: long on $CVX $X $TSM $FCEL,1
2021-06-28 22:20:16+00:00,1409637803617513477,"$CVX Bit down today, but I'm hoping that's waves 1 (leading diagonal) and 2 (786 retrace) in, and we'll be starting on 3 tomorrow. Lower TF does look impulse ü§û https://t.co/GtY0L6MnvU",1
2021-06-28 22:16:07+00:00,1409636756656332806,"$BIIB JUST RECOMMENDED A BUY minutes ago!

$MSFT $GOOGL $FB $AMZN $DIS $TSLA $HD $MA $NFLX $WMT $JNJ $PFE $ABT $PYPL $BAC $JPM $KO $T $ORCL $VZ $MMM  $SPY $UNH $DHR $TMO $MU $CAT $PG $TMO $CVX $NKE $D $CRM $MRK $ABBV $SBUX $XOM $COST $DG $LOW $CSCO $BA $DUK $GILD $GM  #SP500 #SPX",0
2021-06-28 22:05:31+00:00,1409634091088052232,"üìàGavetti Daily Portfolio Recapüìà

Top3Ô∏è‚É£Gainers and Losers
üìÜ06-09-2021 

üü¢ $TSLA üîã
üü¢ $AAPL üçè
üü¢ $MMM üë∑‚Äç‚ôÄÔ∏è
 
üî¥ $SYY üåΩ
üî¥ $AFL  ü¶¢
üî¥ $CVX  üõ¢Ô∏è 

‚û°Ô∏è How Did You Do Today‚ùî

üü¢  v.  üî¥ https://t.co/fajfL5a5KA",0
2021-06-28 22:05:30+00:00,1409634087640305684,"Finfluencer @fomosaurus most mentioned tickers (1M)

1. $ICP 6
2. $ETH 3
3. $DOGE 2
4. $VISR 2
5. $ATA 2
6. $DSD 1
7. $CVX 1
8. $BNB 1
9. $MINA 1
10. $NDX 1

https://t.co/brIcZvb6TF",2
2021-06-28 21:55:22+00:00,1409631535368531973,I agree. I do not see @CurveFinance in @CryptoFeesInfo neither. They must be accumulating or just ignoring the most underrated defi protocol? $CRV $CVX $CVXCRV,3
2021-06-28 21:40:09+00:00,1409627706808012803,"5-min chart of $CVX. Awaiting Buy Signal
Check UltraAlgo here
https://t.co/wUyihfppva https://t.co/NW62erNSP8",0
2021-06-29 23:56:19+00:00,1410024363332542465,"Sup guys, this is probably the best platform for your earnings and investments.ü§©  @DaisyProtocol Launchpad Just try it, and you will understand what I'm talking around

$btc $cvx $ust $xrp $xdc $zec $eos $dash $ada $icp $zrx $rev $mdm $cqt $cva $ftm $fil $grt $tiki",0
2021-06-29 23:54:31+00:00,1410023907101446144,"üìâMega useful trader. He sees about 96% of all falls and pumps in advance!

You must follow now - @TEAROFSATOSHI

$jt $zil $flc $bch $btc $anon $sol $shib $mdx $xmr $qnt $cvx $ksm $avax $cva $pdog $wsb $one $fil $ost $aave $xch $ghd $crv $ont $nano $hodl $xdc $tel $rise https://t.co/OaoQeTwmQ8",0
2021-06-29 23:52:06+00:00,1410023301234188292,$CVX killing it in the short term!,1
2021-06-29 23:49:41+00:00,1410022691919130627,"Guess someone listened to what I had to say lol
$CRV üé° $CVX
Oh and Convex added another 1.7M CRV today to 51.7M https://t.co/hdVmPCFbxG",3
2021-06-29 23:47:02+00:00,1410022027340267520,Why Chevron Is a Top Pick for #Dividend Investors $CVX https://t.co/TIT0wEJG0x #investing https://t.co/dIvTW224AG,1
2021-06-29 23:35:31+00:00,1410019128321183744,"Have you already got about  @vancategg's VCEgg launch?

The $VCEgg gem is breaking all records! Do ya wanna participate in this celebration of life? join Now!

$xdc $cvx $fil $chz $bnt $ht $brg $nst $amp $nexo $ksm $rise $rev $cqt $emb $coco $aave $snt $dai $near $jind $jt",0
2021-06-29 22:34:41+00:00,1410003819874881539,"Top 30 Trending Searches on @CRYPTO market 

$MINA $SHIB $MATIC $SOL $BNB $BTC $QUICK $ADA $ETH $LPT $SFUND $NFY $CVX $ICP https://t.co/AlHfwZO1zc",0
2021-06-29 22:12:25+00:00,1409998215865319430,"Having CRV on a regulated Canadian exchange can't hurt I suppose. üá®üá¶‚úÖ $CAD üîõ $CRV

Wen $CVX tho?üòé",12
2021-06-29 20:59:27+00:00,1409979851134496769,"@MarkNewtonCMT I'm more a long term value investor, but I try to avoid big market collapses like 2008.  I only lost .6% and bought back in at the bottom in 2009.  I like dividends and banks are well capitalized and CVX provides 5% in dividends",0
2021-06-29 20:51:02+00:00,1409977734005071874,Price target for $JPM within 2 months: $spy $dia $iwm $xlf $xlk $xle $xlb $xli $xlu $xlv $xlp $xly $bac $gs $dis $wmt $nke $jnj $unh $ups $mmm $ba $aapl $cat $twtr $fslr $tsla $amc $qcom $pton $cmg $smh $amd $jnug $xom $cvx $vz $zm $IBM $z $tsn $hlf $amzn $ebay $wynn,1
2021-06-30 23:28:30+00:00,1410379748690198530,"Why oh why doesnt vfat tools not work for $CVX?

Keep getting ""opps something went wrong""

Grrrr

Any alternatives out there?",0
2021-06-30 23:24:56+00:00,1410378851901919235,#OPEC meeting tomorrow.  Volatility trade on energy stocks and ETF.  $USO $XLE $CVX $XOM $MPC $BP $APA $OXY $MRO $COP @honeyjoyoption @OptionsPastor @wallstreetstock @WSJ @CNBC,1
2021-06-30 23:24:29+00:00,1410378738353664002,@dx_cvx__ Blue Akrasia is actually one of my most fave editors.,0
2021-06-30 23:08:45+00:00,1410374777227857927,@Bobfromroe Silent Hill because we have an HD version on CVX which plays well. The original Silent Hill deserves a modern spin on it which is more accessible to the modern audience.,2
2021-06-30 22:46:35+00:00,1410369202054176774,"Tomorrow we will raise the cap and remove the guest list for the 5 new CRV LP vaults and auto-compounding CVX and cvxCRV vaults.

‚û°Ô∏è Anyone can deposit
‚û°Ô∏è No wallet cap
‚û°Ô∏è 200 BTC cap per vault 

As per standard security practices these will remain in a guarded state for phase 2.",69
2021-06-30 22:42:01+00:00,1410368049459437568,"@Cryptoyieldinfo What platforms are going to be strong in this DeFi summer in your opinion? I think $CRV $CVX for sure, maybe $FST",3
2021-06-30 22:29:35+00:00,1410364924572938242,"$CVX puts into play a classic misdirection move, selling minor Permian assets to fool potential bidders for Shell's Permian assets into thinking they will not be a bidder!...or not

https://t.co/GcpYg28TlX",23
2021-06-30 22:24:34+00:00,1410363658950090755,"@jsquare112 @Piranha_Tank 

Or CVX just has other options.  They are trimming, not exiting.",0
2021-06-30 22:11:19+00:00,1410360325010956290,"Daily Breakout Watchlist 7/1 NEW MONTHLY CANDLES!!!

$AAPL $ABNB $AMAT $C $CVX $FNKO $MA $PINS $PTON $SBUX $TWTR $UBER https://t.co/plLYKw84rc",9
2021-06-30 22:03:03+00:00,1410358244438990851,"$5 $CVX.

People waking up to this puppy.

$40m MC 
$4.07b TVL 

I rest me case. https://t.co/Nk8Yc97JNJ",3
