Date,Tweet ID,Text,Username,Likes
2022-11-01 23:43:58+00:00,1587591309543591936,"@MarshaBlackburn Why doesn't big oil drill on the leases they already own? Short supply, increased demand, higher profits, microeconomics 101. Quarterly earnings of Exxon, Chevron at an all time high. That's why.",Alanw73011,0
2022-11-01 23:40:56+00:00,1587590543759982595,"WATCH: Biden compares oil firms  ‚Å¶@POTUS‚Å© ‚Å¶@CNBCPolitics‚Å© Chevron has spent almost $5 million in 2016 election cycle, and 28% of that went to Democrats. Exxon has donated a little over $1.5 million, 41% to Democrats. https://t.co/d3JKH4OM4R",MrRay66632631,0
2022-11-01 23:27:55+00:00,1587587270403661828,@SenTedCruz Wasn‚Äôt it you that went to Cancun when your power grid went out in Texas and left your constituents there to freeze. How is this Biden‚Äòs fault if you can read all oil companies Chevron Exxon mobile have recorded record profits this year. What are your solutions Ted vote,SusanAn42572365,0
2022-11-01 23:26:50+00:00,1587586995840290817,"@stock_mj Oil Profits So Far This Year

Exxon:‚¨ÜÔ∏è203% to $43 billion
Chevron:‚¨ÜÔ∏è175% to $29 billion
BP:‚¨ÜÔ∏è161% to $22.8 billion
Shell:‚¨ÜÔ∏è133% to $30 billion",Jmusky33,2
2022-11-01 23:24:23+00:00,1587586378363289600,"Big Oil Cos- BP, Shell, TotalEnergies, ExxonMobil &amp; Chevron have made over
 $58bn in profits for the 3rd quarter alone. 
Windfall taxes in rich countries shd bring in money to cushion low income countries thru aid &amp; debt restructuring.
Global problems need global solutions",Winnie_Byanyima,30
2022-11-01 23:03:02+00:00,1587581007548633093,"Chevron shares rose after President Joe Biden called for oil companies to pay higher taxes to lower fuel costs for consumers. Biden repeatedly targeted major oil companies recently, accusing them of making record profits by limiting production. $CVX $XOM $YM #BREAKING #oilprice https://t.co/V77rp6gEVD",Dowhaus,0
2022-11-01 22:56:46+00:00,1587579428066009089,@AdamParkhomenko Time to break up big oil like Standard Oil.  Remember there used to Chevron and Texaco.    There was Exxon and Mobile.  And there were many other oil companies with their own refineries.  What we have here is a oil cartel that needs to be broken up.,KosekChristian,2
2022-11-01 22:54:33+00:00,1587578869950795776,"Algi can grow more oil than peanut!
Chevron should partner with https://t.co/O2HzshFJW2",HurtingAmerics,0
2022-11-01 22:53:40+00:00,1587578648911138820,"@jane13154462 @SirSwifty59 @POTUS Oil Profits So Far This Year

Exxon:‚¨ÜÔ∏è203% to $43 billion
Chevron:‚¨ÜÔ∏è175% to $29 billion
BP:‚¨ÜÔ∏è161% to $22.8 billion
Shell:‚¨ÜÔ∏è133% to $30 billion

Big Oil is using the war in Ukraine as an excuse to make obscene profits by jacking up gas prices. Yes. We need a windfall profits tax.",BlancDee,0
2022-11-01 22:52:21+00:00,1587578319154909189,"@CornPopForEver @SirSwifty59 @POTUS Tax stock buy backs!! Stop corporate subsidies. End Citizens United. Term limits. Here‚Äôs your inflation.  Oil Profits So Far This Year

Exxon:‚¨ÜÔ∏è203% to $43 billion
Chevron:‚¨ÜÔ∏è175% to $29 billion
BP:‚¨ÜÔ∏è161% to $22.8 billion
Shell:‚¨ÜÔ∏è133% to $30     We need a windfall profits tax.",BlancDee,0
2022-11-02 23:22:59+00:00,1587948415966621696,Unbelievable. @chevron = pure evil. Actually totally believable with Big Oil,JuliaMBurrows,1
2022-11-02 23:19:13+00:00,1587947466284040193,"@SenTedCruz Ted Cruz forgets, Trump renewed drilling licences for Chevron to drill for oil in Venezuela ?

https://t.co/4wl36lwIEa",paulb2007,0
2022-11-02 22:58:09+00:00,1587942165757370368,"@SomeOtherSara @vickihorn5 @federalreserve Sarah, Google it!
Why Stop with EXXON?
Consider that in the past 10 years, major oil and gas companies suffered losses in 2014, 2015, and 2020. In 2020 the BIG 5 integrated supermajors (i.e., ‚ÄúBig Oil‚Äù) ‚Äì ExxonMobil, BP, Shell, Chevron, and Total ‚Äì lost $76 billion.",Gabriel4026,0
2022-11-02 22:16:26+00:00,1587931665820778498,"Ask yourself this: when‚Äôs the last time you saw Exxon, BP, Chevron put out a statement telling Americans, they want to drill more but they don‚Äôt have the land to drill on‚Ä¶ I‚Äôll wait. Big oil isn‚Äôt complaining, they are celebrating record profits!",irishrygirl,209
2022-11-02 21:39:26+00:00,1587922357213360128,"‚ÄúBut also the US military biological laboratories, the significant presence in the oil &amp; gas sector of the American companies Chevron &amp; ExxonMobil, as well as the Astana International Financial Center, which operates on the basis of the Anglo-Saxon legal system!‚Äù ‚Äî Elena Panina",apocalypse0s,4
2022-11-02 21:29:45+00:00,1587919920708259840,@Chevron You get kicked off the site for pulling out a cell phone in a process area at an oil faciliy.,LetMeRephraseIt,1
2022-11-02 21:16:37+00:00,1587916615538339840,"@RepMTG 
From the MAGA EXTREMIST. our America is not in the oil and gas business. You can‚Äôt force Shell, Exxon-Mobile, &amp; Chevron to drill. They are making record profits NOW without having to drill. They already are first‚Ä¶ in greedy profits‚Ä¶",marie_leiss,0
2022-11-02 21:06:13+00:00,1587913998069944323,"Exxon, Chevron, Shell and others raked in over $100 billion in profits in the last two quarters.

And in the last six months, Big Oil bought back $50 billion in their own shares.

We need to pass my bill to end corporate price gouging.",TammyDuckworth,249
2022-11-02 21:00:08+00:00,1587912466880921600,"@jimkim43319 @varen_barovar @LakotaMan1 And you're foolishly defending Chevron, Exxon, Conoco Phillips, Saudi Arabia, and Russia even tho they are more responsible for gas prices; willing to shaft Americans &amp; rest of world for higher profits. big 3 oil corps had dramatic increases in stock price &amp; profits last 9 mos.",ecostar,1
2022-11-02 20:40:28+00:00,1587907514997575680,"Lets not forget America, this is the same person who was bought by the same big oil companies shes talking about.
@RepMTG
Chevron, Truax Oil, Henry resources, Henry petroleum
she said it herself, her priority is to put the ""oil and gas industry first again!""",DustyDDuffy,1
2022-11-03 23:51:20+00:00,1588317937248751616,"JUST IN: #BNNArgentina Reports.

Vice President Cristina Fern√°ndez de Kirchner @CFKArgentina and the President of YPF, Pablo Gonz√°lez, met with the executives of the U.S. oil company Chevron Clay Neff and Bruce Niemeyer, informed the head of the Senate. #Argentina #Politics https://t.co/qs4TkmPGtG",gchahal,6
2022-11-03 23:47:44+00:00,1588317030419255296,"@NordicThought @n0thingwasthes1 if chevron, as a company that produces a million barrels of oil daily, holds a stake in green energy ventures, it may stand to reason that perhaps advertising on behalf of its drastically smaller green energy on national tv exclusively isn't a genuine ""pivot"" to green energy lmao",ThielCapital,1
2022-11-03 23:46:17+00:00,1588316667607945216,"@leomarnd @dingdongdantes Chevron marketing team possibly still composing tweets for him and strategizing PR damage control. Wait lang natin. He'll tweet like a true Big Oil puppet cosplaying as a climate activist. Areas in Ph will soon sink underwater, he should buy his luxury yacht with his Caltex money",kristinemuslim,7
2022-11-03 23:45:46+00:00,1588316535180865536,"@EliseStefanik As much as we all hate $4 gas and excessive oil company profits, I would ask people to look at the losses Exxon and Chevron took in 2020.
People who want $2 gas have no clue.
President Biden has little to do with gas prices.
We DON'T need refineries shut down.",Ted10748148,0
2022-11-03 23:36:46+00:00,1588314270239887360,"Killing us softly.
‚ÄúForeign companies to pay zero income tax in 2020-21 were oil giants Viva Energy (income: $12.8B), ExxonMobil (income: $11.1B), Chevron Australia (income: $9.1B). Energy giant AGL also paid no tax on $10.4B in income.‚Äù
https://t.co/YXqBFKAbui",PeterCronau,62
2022-11-03 23:27:24+00:00,1588311916531060737,".@dingdongdantes hopped on Twitter to spout Big Oil propaganda under the guise of being a climate activist, and just disappeared when people called him out.

How much is Caltex/Chevron paying you in blood money for your endorsement? Is it worth selling out the entire planet? https://t.co/yeJNNZS4Ks",leomarnd,24
2022-11-03 23:06:18+00:00,1588306606378594306,"YOU DID THIS! now you blame the Dems??? Exxon alone reported a profit of $17.9 billion ‚Äì the highest quarterly profit reported by any oil company in history ‚Äì while Chevron reported $11.6 billion, Shell reported $11.47 billion, and BP reported $8.45 billion. Aug 3, 2022 https://t.co/dd5ZVL0qgp",Restinpeacefred,1
2022-11-03 23:04:03+00:00,1588306038133903360,@axios @Chevron What happens if they rot in the field if not able to be harvested?! Would the oil be detrimental to the soil?,Bonnie93650322,0
2022-11-03 22:45:53+00:00,1588301468007735297,"@SenJohnKennedy Bc big oil co. have record profits &amp; gauging your constituents. You're happy to take their $$.
ExxonMobil: nearly $20 billion Chevron: more than $11 billion Shell $9.5 billion
BP over $8 billion.
world's largest, Saudi Aramco: made $42 billion this quarter! #ShameGOP",groundedchick,0
2022-11-03 22:40:38+00:00,1588300143421698048,"@Coach_Burnett How much profit are the oil companies making?
Record-breaking oil company profits in the last 2 quarters,Chevron,ExxonMobil,ConocoPhillips and Britain's BP Shell and France's TotalEnergies reportedly made over $100 billion in profits‚Äîmore than they earned in the entirety of 2021.",jo4444_j,0
2022-11-04 23:52:38+00:00,1588680654023450625,"If you want to know why you are paying $4, $5, $6 for a gallon of gas, you should know that the profits of ExxonMobil, Chevron, BP and Shell skyrocketed by 169% so far this year to $125 billion. These four huge oil companies are spending over $73 billion not to reduce gas prices",jdlsocori,0
2022-11-04 23:33:09+00:00,1588675748486840321,"Many oil companies, including Chevron Corporation, BP,  Anadarko Petroleum, ExxonMobil, Repsol, Shell, Devon Energy, BHP, Eni, Navitas Petroleum and Total have leased the rights to drill for oil in this area.",ooccnb,0
2022-11-04 23:29:52+00:00,1588674922049687554,"Oops they did it again, they had an emissions event: CHEVRON USA INC at MCELROY MAIN WATER INJ STA &amp; OIL TREAT FAC in unincorporated area, CRANE County, TX. Details at https://t.co/FeQ3yCSDOS.",diditagain_bot,0
2022-11-04 23:26:15+00:00,1588674013605539840,"@SenJoniErnst Exxon 19 billion profit in 3 months, Chevron 11 billion profit in 3 months!!!!  THAT is price Gouging!!!!  Joni and Republicans are gaslighting Oil Companies abuse!",iRacer_X,0
2022-11-04 23:12:00+00:00,1588670425927761922,"üí∏ @Chevron Q3 Profits: $11.2 billion
üí∏ @Shell Q3 Profits: $9.45 billion
üí∏ @exxonmobil Q3 Profits: $19.7 billion

Big Oil is taking money straight from your pocket. CA leaders must rein in outrageous windfall profits!",LastChance_CA,7
2022-11-04 22:44:11+00:00,1588663424523046912,"@stevenmaviglio @CA_DaveJones @AngeliqueAshby @Chevron Steven, your arguments are just bad faith. You know big oil is spending millions to elect Ashby right now, and you‚Äôre willing to just shout the opposite as loudly and angrily as possible? I gotta believe you‚Äôre better than that. It‚Äôs a really bad look.",Soneff,0
2022-11-04 22:40:49+00:00,1588662577730826240,@stevenmaviglio @CA_DaveJones @AngeliqueAshby @Chevron Chevron is spending millions right now to help Ashby. Ashby took oil money like 2 months ago. Ashby is supported by oil and gas. Showing up with a 17 year old FPPC filing to back up your lies is really embarrassing. Is this really your closing argument?,Soneff,0
2022-11-04 22:37:24+00:00,1588661719592996864,"...against Chevron for environmental damage ‚Äì including dumping 17 million gallons of crude oil in the Ecuadorian rainforest ‚Äì and won a historic $9.5 billion judgment. Chevon then fled Ecuador and launched a campaign against Donziger that resulted in him being disbarred, ....",DRJEnglish21,0
2022-11-04 22:13:00+00:00,1588655577177403392,"@AbbottCampaign @GregAbbott_TX Good for him, the air and water quality in Texas is causing many serious health issues and we are paying at the pump because of big oil price gouging, just another reason they need to go! Exon, and Chevron made $31 billion in the last quarter. We need to get away  from dependence",ElizabethAnnL16,2
2022-11-04 21:49:37+00:00,1588649696536715264,"@RonnyJacksonTX Between Exon, and Chevron, they have made over $31 billion, just in the last quarter, and yet prices continue to increase. Biden isn't refusing to make diesel, big oil is so they can price gouge, and every republican voted against holding them accountable! We need to replace them",ElizabethAnnL16,2
2022-11-05 23:23:00+00:00,1589035584622039040,"@axios @Chevron Impossible. The oil companies are evil, evil companies that want to destroy us all. Including the children of those working for the oil companies.                 Yes, think about it.",eaglefan,0
2022-11-05 23:04:35+00:00,1589030950138130433,"The oil industry Chevron and Exxon are the real threat after the President who is seeking taxes in order to provide aid to Ukraine.  
Will he remain in office?",fouadhaidar,3
2022-11-05 22:30:11+00:00,1589022290473324544,"@bgmasters Meanwhile, #GOP, Republicans know who‚Äôs to blame for price gauging their constituents at the pumps and it‚Äôs not President Biden it‚Äôs the greedy oil &amp; gas companies: @exxonmobil @Chevron @conocophillips üëáüèΩüí∞üëáüèæ https://t.co/rPwNEuLgev",AnnaCCallahan,0
2022-11-05 22:06:24+00:00,1589016306917203968,"@ChuckGrassley Exon, and Chevron made $31 billion profits in the last quarter, and have slowed production so they can continue to price gouge, and every republican voted not to hold the accountable. Americans, the gop is paid big to vote for big oil!",ElizabethAnnL16,23
2022-11-05 21:37:13+00:00,1589008961893982208,"@ChuckGrassley I guess you didn‚Äôt see Exxon &amp; Chevron‚Äôs third quarter (3 months) profit ‚Ä¶. just 2 companies, $30 billion in profits.

Big Oil Companies made $50 billion in the second quarter. 

https://t.co/pKUYNRt9SO",Renae131,0
2022-11-05 21:18:51+00:00,1589004340664356872,"Boy are you uninformed.  They same people are complaining loudly about price gouging by oil companies that has led to record profits for Shell, BP, Chevron. etc..  You are just too stupid to know what is going on in the world.",ZeppeCat,0
2022-11-05 21:10:30+00:00,1589002237137006592,"@ChristineJameis I volunteered years ago for a humanitarian mission to Somalia, only to find out we were guarding Chevron employees drilling for oil, i left the military soon thereafter I don't enlist to be a mercenary.",iwanttohumpalot,1
2022-11-05 20:38:22+00:00,1588994152423116800,@lickmysweatyb @axios @Chevron Burning the peanut oil.,jaytay777,0
2022-11-05 20:30:00+00:00,1588992046655840260,"Just from July to September:

Exxon made $19.7 billion
Chevron made $11.2 billion
Shell made $9.5 billion
BP made $8.2 billion

And they're still raising gas prices.

This is why Progressives want to tax Big Oil's excess profits and return that money directly to the people.",USProgressives,118
2022-11-05 19:45:50+00:00,1588980930269806592,"Oil companies total profits for the 3rd quarter 2022.
Chevron 11.2 Billion
BP. 8.2 Billion
Shell. 9.6 Billion
Total.9.9 Billion
Amount. 38.8 billion USD.
This the profit of the oil companies earned in Biafra &amp; other oil producing nations. Whilst the oil owner lives in  poverty.",GodwinElendu2,7
2022-11-06 23:06:06+00:00,1589393716913266688,"Pioneer said its wells in the Permian Basin of West Texas and New Mexico, the most active U.S. oil field this year, produced less oil than expected 
Even Chevron and Exxon that enjoy scale and logistical advantages, came in on the low side of their shale production targets. https://t.co/0m9ee5COq7",jenstilmanydots,6
2022-11-06 22:57:45+00:00,1589391615919259648,"@JoeNunna @RichardLorith @MillennialOther @POTUS So, if we produce more oil, who do you think Chevron &amp; Exxon will sell it to? If you said the highest bidder on the world market which means foreigners, you are correct. This will have almost no effect on üá∫üá∏ pump prices but will make big oil lots of cash. What do you think?",logicshouldrule,0
2022-11-06 22:40:47+00:00,1589387345014706176,"@AZGrandmaJanet @duty2warn BP, Chevron, Exxon Mobil, Shell and TotalEnergies ‚Äî generated some $60 billion in profit for the second quarter. The surge in earnings followed a spike in crude oil, natural gas and gasoline prices this year, resulting mostly from Russia‚Äôs invasion of Ukraine.",smartcookie0087,0
2022-11-06 22:34:51+00:00,1589385855373758464,"@exxonmobil pulled in nearly $20 billion in profit. @Chevron took in more than $11 billion, @Shell $9.5 billion, @bp_America over eight billion. And, today, the world's largest oil company, @SaudiAramco_ITC making $42 billion this quarter.

Still think they aren‚Äôt gouging?",kwmcconnell,0
2022-11-06 22:21:33+00:00,1589382507581288449,"@DoryJudhug @GOPChairwoman ""ExxonMobil, Chevron rake in record Q3 profits following oil price surge""

https://t.co/DklBUmJXV1",teegee508350535,1
2022-11-06 21:27:42+00:00,1589368952609964032,"Big oil @Chevron are making record profits because @HouseGOP VOTED AGAINST PRICE GOUGING!
#VoteBlueToSaveAmerica",mosaique813,0
2022-11-06 20:53:00+00:00,1589360221180219393,"Exxon‚Äôs been around for 152 years. It has never scored higher profits than it did last quarter.

ExxonMobil, the largest US oil company, said it raked in nearly $20 billion in profits in Q3. And Chevron, the country‚Äôs No. 2 oil company, reported quarterly profits of $11.2 billion",DurwinHo,0
2022-11-06 20:16:36+00:00,1589351061738831872,@Afyz211 @Naija_PR Chevron oil company,newman_cletus,0
2022-11-06 20:06:45+00:00,1589348582200856576,@ReutersPlus @Chevron üôÑ aren't they made of plastic? What is that made of? Oil? Hmmm.,Bobsblablablog,0
2022-11-06 20:03:07+00:00,1589347669796741120,"@DrOz Crude oil production is UP. 
Gasoline prices have not gone down.
Oil companies are reporting record profits.

Let's see you start calling out Mobile and Chevron for ripping us off. https://t.co/bt3ZQQLK4K",gadfly,0
2022-11-07 23:58:52+00:00,1589769385115529216,"When are the oil companies going to start fighting back against this? @Chevron, @exxonmobil, @Shell? Americans want fuel, you're being labeled the greedy villains here, POTUS if far worse.",f4c75m4773r,1
2022-11-07 23:49:26+00:00,1589767009642090496,"@ProjectLincoln Kind of ironic too that #TedCruz's #Astros' parade picture has Chevron in background.

Ted Cruz received more money from oil &amp; gas companies in 2018 than any other senator. Recieving nearly $800,000 from the industry in 2018.",aprivateguy,7
2022-11-07 23:47:37+00:00,1589766552098050048,"Oil Price stayed up in $90s 
Q3 earnings
$42b  Aramco, greater than üá≥üá¨fullyear budgetü§£üòÖüòé
$19b Exxon
$11b Chevron
$9b Total Energies
$9b Shell
$8b Petrobras
$ oil stolen NNPCL

@nnpclimited  NNPCL your work is cut out for you!
Congratulations https://t.co/8d5adf9IFX",BrosManney,0
2022-11-07 23:43:03+00:00,1589765405224337408,"@lutton_tracey @CthulhuHulu @LarryGreer20 @StanleyBentle11 @MayoIsSpicyy Shutting down the oil companies is not a solution, prices have to be reasonable, oil companies are making billions in profits daily, it's not fair they are emptying pockets of citizens for their own unnecessary profits, we need to boycott two of the companies, chevron and shell https://t.co/d1QszP3ZlU",Adelfar4,0
2022-11-07 23:29:53+00:00,1589762090004537345,"@POTUS Forbes: ‚Äú‚Ä¶in 2020 the five integrated (i.e., ‚ÄúBig Oil‚Äù) ‚Äì ExxonMobil, BP, Shell, Chevron, and Total ‚Äì lost $76 billion‚Äù.",shanepc1,0
2022-11-07 23:29:09+00:00,1589761907833163779,"The past 3 months -
ExxonMobil pulled in nearly $20 billion in profit. Chevron took in more than $11 billion, Shell $9.5 billion, BP over eight billion. And, today, the world's largest oil company, Saudi Aramco, reported making $42 billion this quarter. https://t.co/h1uhqCAVBy",LaurelBlu2,2
2022-11-07 23:21:12+00:00,1589759904201715713,"Oil companies are cheating the citizens, their profits are staggering, lets boycott Chevron and Shell and see how prices of gas will come down, get your gas from others, this is the best way to confront price gouging https://t.co/xleUTcOopA",Adelfar4,0
2022-11-07 22:52:12+00:00,1589752606632484865,"@RBReich How much did oil companies lose?
Consider that in the past 10 years, major oil and gas companies suffered tremendous losses in 2014, 2015, and 2020. In fact, in 2020 the five integrated supermajors (i.e., ‚ÄúBig Oil‚Äù) ‚Äì ExxonMobil, BP, Shell, Chevron, and Total ‚Äì lost $76 billion.",edlars53,1
2022-11-07 22:51:38+00:00,1589752463523221504,"@POTUS FACT CHECK: Lacks context.
Consider that in the past 10 years, major oil and gas companies suffered tremendous losses in 2014, 2015, and 2020. In fact, in 2020 the five integrated supermajors (i.e., ‚ÄúBig Oil‚Äù) ‚Äì ExxonMobil, BP, Shell, Chevron, and Total ‚Äì lost $76 billion.",edlars53,1
2022-11-07 22:36:01+00:00,1589748534244700160,"@wjclvrhs @CharlyGrace6 @laurenboebert @JoeBiden War on fossil fuels? He controls oil companies and what the Saudis pump?Facts: Exxon reported a profit of $17.9 billion,the highest quarterly profit reported by any oil co in history. Chevron reported $11.6 billion, Shell reported $11.47 billion, and BP reported $8.45 B",msmithalpha,0
2022-11-08 23:48:29+00:00,1590129158851551232,@Chevron You‚Äôre tweeting about peanuts when you‚Äôve destroyed South American countries and paid to have Donzinger put in jail when he caught you on it.  You‚Äôre also in the process of gauging oil prices but keep talking about peanuts,TECHLeadzzz,1
2022-11-08 23:48:01+00:00,1590129040773763072,"@NeuroDiv2000 @SBMcCallister @dianesbaker1 Sources conflict on exact makeup of Big Oil today, though companies most frequently mentioned as supermajors are ExxonMobil, Chevron, BP, Shell, Eni &amp; TotalEnergies, w/ ConocoPhillips frequently included as well prior to spinning off its downstream operations into Phillips 66.",Tentoads4truth,1
2022-11-08 22:56:01+00:00,1590115956008927232,Big Oil companies like Exxon and Chevron posted record profits this quarter. Both paid less than 3% in federal income taxes last year. #TaxCorporateGreed  https://t.co/5CKwZK9oVl https://t.co/rLyidIhVg4,indvsblharlem,2
2022-11-08 22:32:31+00:00,1590110042023264256,"@HGirl0228 @JimStordock @Loopy_Johnson @ArrDelHunty @tiffanylloree @JDCocchiarella As Pump Prices Soared, Big Oil CEOs Enjoyed Windfall Pay Days.  Exxon and Chevron paid their chief executives more than $22 million  each last year.  Inflation..NO! Corporate greed. And if you want to fuck Joe, that is all you.  I don‚Äôt care where you want to stick your dick in.",Jay63645107,0
2022-11-08 22:29:27+00:00,1590109269076025344,"Participants gathered today for the 4th Annual Energy Workforce Shoot for the Stars Marksmanship Tournament. Thank you to all who came out for a memorable afternoon, and thanks to sponsors @bakerhughesco, @KeyEnergySvcs, @NOVGlobal, Oil States International, @Chevron and SLB. https://t.co/IEtyLhDXZt",EWorkforceNews,3
2022-11-08 22:07:18+00:00,1590103697312616448,"@exxonmobil So far this year, Big Oil has raked in over $100,000,000,000 in profits while our families struggled in the US

@ExxonMobil: $43 billion
@Shell: $30.1 billion
@Chevron: $29.1 billion
@BP_plc: $22.9 billion

That‚Äôs price gouging.",greenmary,0
2022-11-08 21:47:42+00:00,1590098763720556545,@BobbiKissel @Chevron They would not have to charge higher prices if Biden hadn't closed down our production of our clean oil.  We have  gold under our feet.This dirty oil we have now is  very hard on our cars.,shirley_wheat,1
2022-11-08 21:24:45+00:00,1590092987253788672,@ASkiba01 @DkOnyx529 @POTUS Why would you build a refinery when the president of the USA has started a war on oil? Think Chevron said they would never build again due to government policy.,Tivo881,0
2022-11-08 21:05:28+00:00,1590088135609720833,@hkrearden @jasonselvig @tedcruz I know enough that it's absurd for oil company's to price gouge while our elected officials do nothing to stop it because they see it as politically advantageous for citizens to struggle. According to their own reporting Chevron made over 11b profit last quarter alone.,AndyHjortshoj,0
2022-11-08 20:57:44+00:00,1590086188010209280,$CVX Chevron Corp - NYSE pushes to just under the 52 week high of $186.38 (todays high = $186.26) as speculation of increased oil prices continues to become evident despite Biden's attempt to place a cap on gas prices.,RMarcMunoz,0
2022-11-09 23:53:30+00:00,1590492810910003200,"Exxon, Chevron post blowout earnings, oil majors bet on buybacks https://t.co/Cj69sSzZrJ",constitutionsue,0
2022-11-09 23:28:06+00:00,1590486416601280513,"DEVELOPING! A Chevron oil refinery is engulfed in flames in El Segundo.

Emergency crews with Los Angeles County Fire and El Segundo Fire have been dispatched to the scene.

üîµ Watch live: https://t.co/nNo1Q6cDbr

üîµ Live: https://t.co/2RLf1trJEl https://t.co/Mhd0MccTnS",usera49,1
2022-11-09 23:13:37+00:00,1590482771902070784,üî•üõ¢Ô∏è#Chevron #Oil #Refinery on fire #OOTT,STATUSPANGEA,1
2022-11-09 22:40:17+00:00,1590474385970065409,"A MUST ""WATCH &amp; LISTEN TO VERY CLOSELY""
Real Or Fake News

I Don't Get It- I Don't Understand.What point Am I Missing.? Talk To Me Birdie

Chevron oil refinery engulfed in flames in El Segundo, California https://t.co/MovK22ArYu via @YouTube",jRobert_p,1
2022-11-09 22:29:32+00:00,1590471680308449282,"massive fire inside a part of a Chevron oil refinery in #ElSegundo, #Cal... https://t.co/BJUplV6Tfy via @YouTube",TeesriJungNews,2
2022-11-09 20:13:37+00:00,1590437475696005121,"Chevron oil refinery on fire in California

Nothing to see here",davaf2000,1
2022-11-09 20:09:38+00:00,1590436472691527680,"@Shell @TotalEnergies @epnigeria @agipoil @nemanigeria @Chevron @exxonmobil @nnpclimited @NigeriaGov @OPECSecretariat @nigeriaLNG 

Group Urges Oil Firms To Assist Flood Victims In Rivers - Majorwaves Energy Report https://t.co/iDt4Bz3TA7",MajorwavesER,0
2022-11-09 20:06:38+00:00,1590435716378816515,@Cyntaxed007 I think Chevron just offloaded their California oilfield and pipeline the one that got caught by the ship anchor and leaked. Might be more of a liability than an asset to have a refinery with not much oil flowing,Caviar_Kat,1
2022-11-09 19:19:35+00:00,1590423874985807873,"Episode 2: Big Oil Injustice with @SDonziger https://t.co/KQ1MmeYnqH

#StevenDonziger #Chevron #Ecuador #BigOil #Pollution #Environmental #RFKjr",RFKJRpodcast,2
2022-11-09 18:59:51+00:00,1590418912298270720,"The Big 5 oil companies (Chevron, ExxonMobil, BP, Shell and TotalEnergies), who have reported over $170 billion in profit in 2022 alone, are collectively responsible for 11.38% of global historic CO2 emissions, or 11.19% of historic CO2e emissions [Table 1].",rhiannon_osborn,1
2022-11-10 23:28:25+00:00,1590848883961499649,"#bbcqt
What Can Be Made from One Barrel of Oil?

infographic comes from jwnenergy , an oil and gas news site. Using Chevron as a source, it shows 17 different things that can be made from each barrel of oil

Asphalt to make about 3.8L one gallon of tar for patching roofs https://t.co/Nfa0pxgVUI",sr4th,0
2022-11-10 23:00:17+00:00,1590841803594661888,"Fire Erupts At Large Chevron Refinery In California || Again the energy supply is attacked. #oil #energy 

 https://t.co/hsOKuc47Gl",Eddec3,0
2022-11-10 22:52:22+00:00,1590839814148222976,"@thomas_jerison @DDuJour504 @Cheapseats16 @LadyFantasticOC @KariLakeWarRoom This is 2021, but USA was looking pretty strong (first place).  The only reason for üá∫üá∏ to drill more oil is for Exxon &amp; Chevron to make more profit and that doesn‚Äôt help average American and isn‚Äôt ideal for the earth https://t.co/WCBdTxahfk",logicshouldrule,0
2022-11-10 22:49:25+00:00,1590839069697003521,"Exxon Mobil &amp; Chevron amassed more than $30 billion in combined net income. politicians blast oil majors for raking in record profits &amp; consumers struggle w/ soaring inflation &amp; energy shortages worldwide Shareholders have been demanding higher returns
https://t.co/LT90qLntVi",patriciab123,0
2022-11-10 22:34:44+00:00,1590835373885661184,".@exxonmobil, @Chevron, @shell, @ValeroEnergy.

Big Oil and Gas are exploiting crisis for profit. https://t.co/cugvICO1JT",LastChance_CA,1
2022-11-10 21:42:14+00:00,1590822165322268672,I just got a call from the Hubby; Company said to fuel before anyone goes into CA. Video shows Chevron oil refinery engulfed in flames https://t.co/bkJcvvEZjm,myfreedomikeep,0
2022-11-10 20:47:13+00:00,1590808316779073536,I'm at the combination McDonald's / chevron / oil well https://t.co/IdbSV5jHLR,smooth_salad,16
2022-11-10 20:28:40+00:00,1590803651366653952,"@failcoholicfan @CorkYou @charliekirk11 The price of crude accounts for almost 60% of the price of gas.  I only looked at Chevron and they've over tripled their profit Q2 2022 when compared to Q2 2021.  
Nat'l avg in 4/22 was $4.10/gal. 60% of that is $2.26. 2021 profit equiv would have been $.82. It's the oil profits. https://t.co/2iYkW0iz9g",ShoeTonight,8
2022-11-10 20:14:15+00:00,1590800023352389632,"Learn how Project Canary is deploying comprehensive continuous emissions monitoring across oil and gas facilities, and how Chevron is working towards a lower carbon future by partnering with Project Canary.
https://t.co/9rm92qKMm8",ProjectCanary1,1
2022-11-10 19:49:55+00:00,1590793899937001472,"üî•Refineries continue to burn in the USüî•üá∫üá∏

No luck for Biden with his promises of lower gasoline prices in the US. In California, there was a fire at Chevron's oil refinery in the city of El Segundo. The plant has a capacity of 276,000 barrels a day and produces fuel both 

1/ https://t.co/fYNzk0mddi",CanadianKitty1,9
2022-11-11 23:36:35+00:00,1591213328642191360,"Homemade energy crisis? Another refinery, owned by Chevron, goes up in flames √¢&amp;#128;&amp;#147; sabotage of oil¬†infrastructure? https://t.co/yW6taP8XB5",Sherman4Liberty,0
2022-11-11 23:08:29+00:00,1591206258442326016,"There are many great brands out there when it comes to oil and fuel products, including Chevron, Delo, Havoline, Valvoline, and more. Which do you love the most? https://t.co/9gyUzXQ4qD",WHThomasOilInc1,0
2022-11-11 23:01:15+00:00,1591204435128385539,"The night of the midterm election, another oil refinery, this one owned by Chevron and located in El Segundo, Calif., caught fire under mysterious circumstances.",las40000,0
2022-11-11 22:44:53+00:00,1591200315793031169,"@gavinpoints Chevron‚Äôs UK effective tax rate in 2014 on earnings from North Sea production was 5.4%.

In 2014, Shell, BP &amp; Total produced more than ¬£4.3 billion worth of oil and gas and received over ¬£300 million in net tax refunds.",fletty1974,1
2022-11-11 22:43:19+00:00,1591199925328412672,"Homemade energy crisis? Another refinery, owned by Chevron, goes up in flames ‚Äì sabotage of oil infrastructure? ‚Äì https://t.co/UwIX9EvAh2 https://t.co/GIkLliIFEo",Rob_inColorado,0
2022-11-11 22:34:28+00:00,1591197696123351040,"Another refinery fire

Fire Blazes At Chevron El Segundo Oil Refinery, 5 Years After Massive Explosion https://t.co/UYzuFchmRS",rosbo_,0
2022-11-11 22:19:57+00:00,1591194041844400128,"Homemade energy crisis? Another refinery, owned by Chevron, goes up in flames ‚Äì sabotage of oil infrastructure?

https://t.co/DvknmrBKS6",Floppyjoe1,0
2022-11-11 22:16:25+00:00,1591193154057011200,@Chevron How about ya‚Äôll go plug those thousands of wells still leaking methane after your done pumping oil?,galaxy_orion,2
2022-11-11 22:04:10+00:00,1591190071109373952,"Homemade energy crisis? Another refinery, owned by Chevron, goes up in flames ‚Äì sabotage of oil infrastructure?
Friday, November 11, 2022, by: Ethan Huff - Natural News",Undergroundnot5,0
2022-11-11 21:29:11+00:00,1591181266379948033,"@meljomur I dont think there is as much oil revenue as you think I.e shell are Dutch, Chevron are usa,total are French etc etc in 2014 there was a slump with no revenue. There have been many slumps and there will be many more .after a slump they have to spend years recovering. .unreliable",gavinpoints,0
2022-11-12 23:30:10+00:00,1591574101210329088,"@RBReich Robert you forgot to mention that Exxon and Chevron made sizable donations to the Biden campaign, along with Occidental and Warren Buffett. It‚Äôs not by chance that oil stayed below $60 under Trump and then skyrocketed when a democrat went into office. Democrats love big oil",treyearl22,0
2022-11-12 22:39:26+00:00,1591561335971905538,"@IngrahamAngle How many months ago was this photo from?  Also, oil companies have made record profits while charging prices like this.  Why are you not going after ExxonMobil, Chevron, Marathon and the rest of them?",scott_w917,0
2022-11-12 22:29:12+00:00,1591558757762244608,"Homemade energy crisis? Another refinery, owned by Chevron, goes up in flames ‚Äì sabotage of oil infrastructure? - DC Clothesline (Twitter Top Articles) https://t.co/bAVGffO3Fw",JoTrumpCA,2
2022-11-12 22:15:32+00:00,1591555319049687047,"@IngrahamAngle The profits of ExxonMobil, Chevron, BP and Shell have skyrocketed by 169% so far this year to $125 billion.
 
While you were paying through the nose at the gas pump, Big Oil companies were using the cover of inflation to line their pockets.
 
It's time for a windfall profits tax. https://t.co/L5dBXEzjtF",JoniA2Mi,0
2022-11-12 22:04:07+00:00,1591552446115229696,"@nine8yankees @IngrahamAngle Yeah no once again you are wrong! And I never mentioned government subsidizing XOM, Shell or Chevron. I said investment from PRIVATE and public. Why would Chevron invest in new refineries, pipeline, compressor stations, etc if the government policy is to shut down oil and gas?",MurphysFlawPC,0
2022-11-12 21:58:36+00:00,1591551057091612679,"GOP ""Loves"" Big Oil Donors, NOT Average Joe Citizens!

RT @RBReich: Profits of ExxonMobil, Chevron, BP and Shell have skyrocketed this year to $125 billion.
 
Big Oil companies were using the cover of inflation to line their pockets.
 
It's time for a windfall profits tax.",purpleH2Oski,0
2022-11-12 21:50:00+00:00,1591548895057829891,"The profits of ExxonMobil, Chevron, BP and Shell have skyrocketed by 169% so far this year to $125 billion.
 
While you were paying through the nose at the gas pump, Big Oil companies were using the cover of inflation to line their pockets.
 
It's time for a windfall profits tax.",RBReich,18444
2022-11-12 21:01:41+00:00,1591536733862199299,"@MurphysFlawPC @IngrahamAngle Nobody is funding Exxon, Shell or Chevron to name a few. The US government is NOT subsidizing big oil. Big US oil like OPEC pump however much they want or don't want to. We do subsidize renewable energy. Covid restrictions ending, and the war are the reasons prices went up.",nine8yankees,0
2022-11-12 20:24:23+00:00,1591527346879741955,"I just posted ""Homemade energy crisis? Another refinery, owned by Chevron, goes up in flames ‚Äì sabotage of oil infrastructure? ‚Äì https://t.co/hEHrgoXO5g"" on Reddit

https://t.co/NkhhhQAqFR",Mandragola_V,0
2022-11-12 20:02:50+00:00,1591521923498147841,@Chevron The @DNC will ban peanuts since they can get oil out of them,John75350269,0
2022-11-13 23:56:51+00:00,1591943205955796992,"@CawthornforNC So, what's your point?  Oil and gas companies contributed heavily to the GOP during this cycle 
Top Contributors, 2021-2022
ContributorAmount
Koch Industries  $23,675,422
Occidental Petroleum  $7,521,002
Chevron Corp  $7,373,468
https://t.co/TPU8wtgrsf",DalglishTana,0
2022-11-13 23:46:29+00:00,1591940595043676160,@Quicktake @timsteno @MadisonMills22 Promoted by Chevron oh my God I cannot wait until the oil and gas industry is dead and gone.  They are so corrupt supporting the nasty mean Republicans over money trying to destroy democracy over money shame on them,ProsecuteFraud,0
2022-11-13 22:26:52+00:00,1591920557989457921,"My husband is a physicist.
We live across the water from @KochIndustries 'Projects' On The Hudson. 
Originally from Louisiana, family get mad at the holidays about him pummeling the big oil congloms.
NYC sued Exxon but we've got a way to go still, @Chevron!?! #GreenNewDeal",LoveNYCompass1,0
2022-11-13 20:02:26+00:00,1591884211723669506,"@RepMTGPut US oil and gas FIRST?  I thought it was America First? Oil and gas are mot America, they are corporations and, trust me, they don't need any more help.
ExxonMobil  20 billion profit, Chevron 11 billon,",wbroadh,2
2022-11-13 19:55:52+00:00,1591882559855763459,"@usmc_chad @ValeroEnergy @COSAGOV From 1964 to 1990 Texaco, which merged with Chevron in 2001 allegedly spilled more than 16m gallons of crude oil ‚Äì ‚Äú80 times more oil than was spilled in BP‚Äôs 2010 Deepwater Horizon disaster‚Äù, according to Gizmodo ‚Äì and 18bn gallons of polluted wastewater in the Amazon rainforest",mrpatrickabbott,0
2022-11-13 19:39:39+00:00,1591878479309852674,"I appreciate Judge Kelly‚Äôs ruling that our lawsuit against Exxon Mobil, BP, Chevron, and Shell belongs in our local court, before DC residents. We filed our lawsuit to expose these big oil companies‚Äô rampant deception and stop it.

Today our case takes an important step forward.",AGKarlRacine,789
2022-11-13 19:37:02+00:00,1591877819122028548,"From 1964 to 1990 Texaco which merged with Chevron in 2001, allegedly spilled more than 16m gallons of crude oil ‚Äì ‚Äú80 times more oil than was spilled in BP‚Äôs 2010 Deepwater Horizon disaster‚Äù, according to Gizmodo ‚Äì a &amp; 18bn gallons of polluted wastewater in the Amazon rainforest",mrpatrickabbott,1
2022-11-13 19:35:16+00:00,1591877376597696517,"@ValeroEnergy @SDonziger @Justforests @nypost @StruleArts @JustStop_Oil From 1964 to 1990Texaco, which merged with Chevron in 2001, allegedly spilled more than 16m gallons of crude oil ‚Äì ‚Äú80 times more oil than was spilled in BP‚Äôs 2010 Deepwater Horizon disaster‚Äù, according to Gizmodo ‚Äì and 18bn gallons of polluted wastewater in the Amazon rainforest",mrpatrickabbott,0
2022-11-13 19:28:28+00:00,1591875665712013313,"WEEKEND WIT: Buffett was asked at Berkshire‚Äôs 2021 shareholder meeting whether he was comfortable owning oil stocks. ‚ÄúIf you expect perfection in your spouse or your friends or in a company, you‚Äôre not going to find it,‚Äù he said. ‚ÄúChevron is not an evil c‚Ä¶https://t.co/veKPqlWn1u",mattonsandhill,0
2022-11-13 19:13:25+00:00,1591871877496336384,"@jasonyo03808170 @DanKEberhart Thru 9 months this year XOM has a 13.5% margin compared to the last 10 years of 5.6%. Chevron for 9 months is 15.3% compared to 10 years of 6.6%.

That's not capitalism, that's Big Oil as a phantom member of OPEC. They have chosen to restart only about 2/3 of their rigs. https://t.co/PhabyeNAq5",guy_mfg,0
2022-11-14 23:06:47+00:00,1592292993880690688,"@Chevron Food waste gives off biogas as well üåê‚ôªÔ∏èü§ò‚ô•Ô∏è I appreciate ALL the knowledge I learned while working on Bayport Expansion üåê‚ô•Ô∏è‚ôªÔ∏èüß† 

YOUR PROCEDURES REGARDING OIL/GAS CONTAINMENT WAS EPIC üåê‚ô•Ô∏èüçÉ couldn't move an inch without full accountability üéØ rock solid operations",8_rezin,0
2022-11-14 22:36:32+00:00,1592285380417671168,"@ogfd3711 not much of a choice on the strategic oil supply going to the world market, they oil industry, Shell, Exxon, Chevron etc.. are pretty much in charge of the distribution. Windfall profit on oil related products like gasoline and Diesel, go back to the truckers pockets.",kdevil66,0
2022-11-14 22:34:39+00:00,1592284905450672130,"Chevron $CVX has quietly become the third-largest holding in Berkshire Hathaway's massive investment portfolio. $BRK.A $BRK.B

Add in the 20+% stake of Occidental Petroleum $OXY and Warren Buffett is definitely betting big on oil.",kejca,15
2022-11-14 19:08:57+00:00,1592233139635900418,Chevron and Big Oil‚Äôs money grab with inflated gas prices and bigger profits is prompting Americans to demand more electric cars. Good. F Big Oil. https://t.co/2NAGouVVNL,Gshigs,0
2022-11-14 17:53:24+00:00,1592214126792945665,@SeabreezeT No gray area?! These fools live underwater and a oil spill away from being extinct. They ought to learn about some nuance and how to collaborate with Wakanda before Exxon and Chevron takes care of them‚Ä¶ https://t.co/BOSJVeqjdv,XeMurray,1
2022-11-14 17:10:36+00:00,1592203357686464513,"üò°BIDEN HATES DOMESTIC OIL üò° 

‚Ä¢Chevron allocates 16 drill rigs to plug old wells

‚Ä¢Some oil companies see a business sealing others' gas leaks

‚Ä¢Proposed EPA rules to encourage methane whistle-blowers https://t.co/7uL9cCzKyr",BankerWeimar,4
2022-11-14 16:58:08+00:00,1592200220146028544,"BARRON'S: Buffett likes oil these days. Oil prices are up, but a reason he likes the stocks likely is more about how companies are spending their free cash flow. Chevron is giving more of its cash flow back to shareholders instead of investing it.

https://t.co/lKpIzLMd76",StockCompounder,4
2022-11-14 16:58:07+00:00,1592200216366952449,Munger: The oil industry is so vilified right now. Petroleum engineers are fine people. I'm in love with Standard Oil. I wish other countries had oil companies that were as high quality as our oil majors (likely referring to #CHEVRON $CVX and #OXY),StockCompounder,3
2022-11-14 16:57:01+00:00,1592199936799637506,".@semafor continues its sponsorship deal with oil giant Chevron as it sends newsletters about natural gas and COP27.

If you want news from outlets that don't have corporate financial conflicts, try out the free OptOut News app &amp; newsletters: https://t.co/1fqIvZG0Bb https://t.co/7OYs7ynLWN",optoutnews,15
2022-11-14 16:16:00+00:00,1592189614634061824,"The PR firm responsible for communications at the @COP27P climate change summit in Egypt also represents Big Oil companies like Chevron, Shell, and Aramco. ‚ÄúIt‚Äôs an almost comical conflict of interest, ‚Äù@isocockerell writes in her Infodemic newsletter.

https://t.co/46mA8qybdX",CodaStory,2
2022-11-15 22:35:58+00:00,1592647623521230849,"@BleezieG @OccupyDemocrats Once again, inflation is a worldwide issue, gas prices are set by the oil companies, not the president, not even your local service station owner, they are set by the oil companies. ExxonMobil and Chevron are experiencing their most profitable year ever! That tells you something",tamponski,3
2022-11-15 22:30:44+00:00,1592646307675766786,This is a perfect example of US Law corruption under the influence of dark money from the Oil &amp; Gas industry. I will never purchase another litre of fuel from Chevron.,Storm_Mtn,0
2022-11-15 22:06:45+00:00,1592640270902104064,@arco @bp_America @exxonmobil @ShellOilCo @StandardOilCo @Chevron @Sunoco_UK @GulfOil @potus @SpeakerPelosi @VP @SenateDems @chuckschumer @TimRyan  It‚Äôs time to put a windfall tax on all oil companies who are gouging and profiting off of the Russias war with Ukraine!!,bk1133,0
2022-11-15 21:50:17+00:00,1592636130218094592,@Chevron Chevron profits are up 246% over last year and the continue to gouge consumers with gas and home heating oil prices,EddieHammer6,1
2022-11-15 21:50:02+00:00,1592636067660050435,"@Henrik_Senestad @Redinskan @axfood @RobertReich
The profits of ExxonMobil, Chevron, BP &amp; Shell have skyrocketed by 169% so far this year to $125 billion.
While you were paying through the nose at t gas pump, Big Oil companies were using the cover of inflation to line their pockets. 
Time for a windfall profits tax",GabiBjornstrand,8
2022-11-15 21:13:10+00:00,1592626789616332800,"@Chevron Your pollution is killing people, globally. We need fresh air to breathe and clean water to drink not more oil and gas",MaryJLovell,31
2022-11-15 21:12:54+00:00,1592626721672826880,@Chevron Chevron hires expensive PR firms to put on productions that they really give a crap about this country or the price gouging they promote for their product. Nationalize oil and gas industry,kendalllllbaaby,20
2022-11-15 21:01:24+00:00,1592623825941712897,@OddStockTrader Hurry up and get back into it Cody. Chevron or any of the oil company stocks even copper or silver.  Look into it you'll see they are the current plays. Come on Cody you've been on enough boat rides already.,RMarcMunoz,1
2022-11-15 20:26:33+00:00,1592615054842597376,"Chevron operates a couple of gas stations under the name ""Standard"" since they own the trademark for Standard Oil and they have to use it
https://t.co/GaxdpEBq4l",tilbots,0
2022-11-15 20:05:12+00:00,1592609684468674560,"The person of the year for 1888 is John D Rockefeller, the founder of the Standard Oil Company, which made him the first billionaire, and by many estimates, the richest person in modern history. His company was later dismantled as a monopoly, forming Exxon Mobil and Chevron https://t.co/apz1Vexmoh",PersonEachYear,49
2022-11-16 23:46:22+00:00,1593027729242619904,"@LerinStein @Wolverine1965_ @DMVGinger_Will @scorwitz @arkinnzoee @AOC Before the 1980's the largest oil companies were known as the  7 sisters. Gulf and Texaco were bought by Chevron Amoco was bought by Brit Petroleum and Mobil merged with Exxon.
With the collapse of the oil market cheaper to buy reserves than find new ones",RobertL46987332,0
2022-11-16 23:24:10+00:00,1593022144736563203,"@SomeInternetRa2 @JDisposito @ACTBrigitte ""Chevron Corp posted its biggest quarterly earnings ever on Friday, built on strong fuel margins and high prices for natural gas and oil, and boosted its share buyback target."" 
https://t.co/Ro0lAEixbb",xtron88,0
2022-11-16 22:59:01+00:00,1593015815573737473,"@Jim_Jordan how about Standard Oil's Chevron, Kock, and the rest of the thieves? Or the trillions you gave your handlers?",DenbyCalvin,0
2022-11-16 22:31:41+00:00,1593008937347215362,"@Chevron Nationalize these blood sucking oil companies. At a minimum, stop paying the oil companies government subsidies, billions on top of the record profits.",billlfd55,0
2022-11-16 22:15:36+00:00,1593004888212242433,"The Four Horsemen of Banking (Bank of America, JP Morgan Chase, Citigroup and Wells Fargo) own the Four Horsemen of Oil (Exxon Mobil, Royal Dutch/Shell, BP and Chevron Texaco); in tandem with Deutsche Bank, BNP, &gt;BARCLAYS and other European old money behemoths.",Courtne08241586,1
2022-11-16 21:33:36+00:00,1592994316229963777,@KaylaChowShow Motor oil. Always Chevron. If not then pennzoil,Davys_Music,0
2022-11-16 20:26:48+00:00,1592977506331955200,"@Chevron Offsets do work, if people are actively trying to reduce their footprint to zero. An oil company is, by definition, not doing that. Leave it in the ground. #oilandgasindustry",sgkubrak,1
2022-11-16 19:54:19+00:00,1592969330802581505,Chevron to pay $200000 in fines for Richmond oil spill - KALW - https://t.co/QVn3N9PEZC #GoogleAlerts,pissed_offly,0
2022-11-16 17:57:11+00:00,1592939855767515137,"@CandiMathis I live in a county with multiple large oil refineries, e.g., Shell and Chevron, but I don‚Äôt live too close, 20-30 mins away.",JackGYoung,1
2022-11-16 15:30:26+00:00,1592902923453100032,@Chevron Hey if drilling is too much of a risk because of today‚Äôs policies wouldn‚Äôt the high price of gas outweigh those risks because earnings are at all time highs for the oil companies doesn‚Äôt that make it worth investing back and drilling regardless I know Joe is putting The clamp on,Anthony33760347,0
2022-11-17 23:49:39+00:00,1593390942718869505,"as we get ready to breakup ticketmaster, remember that when the government broke up the big oil monopoly all we got was a cabal of new companies working together to exploit us like shell, chevron, and so on....",runandhidecrew,3
2022-11-17 21:50:38+00:00,1593360991307309057,"Check out Sarah Stogner ü¶Ñ's video! #TikTok https://t.co/OSZmdWraul 
You mean the Texas Railroad commission might not hold Oil company, Chevron accountable for poisoning water? 
Elected officials are killing their constituents.",xenateach,0
2022-11-17 21:26:10+00:00,1593354834153209856,"@AusCommenter The members of the @MineralsCouncil like the big coal miners Peabody coal,Yancoal, Mitsui, Mitsubishi etc and the global oil &amp; gas companies such as Shell,BP, Chevron,Esso etc donate significant sums to both our major political parties to ensure that they pay little or no tax",Julieoz836,0
2022-11-17 21:14:26+00:00,1593351883791503362,"@Chevron I do not care. Drill for oil and refine petroleum. That is your one and only job. Lately, you suck at it.",AdamSmith0829,1
2022-11-17 20:56:20+00:00,1593347326474452992,"@Chevron We don't care. Just pump and refine the oil, please. That's kind of your whole thing - maybe focus on doing it a little better?",oh_my_galt,0
2022-11-17 20:41:05+00:00,1593343489105870851,@MichaelJBurry__ I had  position where I bought shares of Tesla worth 27 mill while shorting same amount . I was betting on volatility . Buy quality companies in 3 descending intervals while shorting some Mis priced stocks . Oil will crash in 2 years and chevron is overvalued,Mephisto_Raskon,0
2022-11-17 20:02:12+00:00,1593333704537083904,"Exxon, Chevron Among Oil Giants Facing Backlash for Giving Profits to Investors - Bloomberg https://t.co/xeFwn1atoK",Shirley33594843,0
2022-11-17 19:30:00+00:00,1593325601338920965,"Oil industry ally Democrat Adam Gray, whose House race in #California is still too close to call, advanced in the primary with a boost from a #Chevron-funded super PAC.

https://t.co/aJsWQs3TmL",MoveToAmend,0
2022-11-17 17:42:34+00:00,1593298565195235328,"@IglooInnkeeper @PSworldwide13 @robmactruck @puckdunk I am in the camp that US multi-nationals or large-caps will never come back to Canada, especially heavy oil. I can see Montney kind of stuff though. Chevron killed their LNG project too, probably still jaded with our government",Volkomm_,0
2022-11-17 17:40:14+00:00,1593297979116584963,"Homemade energy crisis? Another refinery, owned by Chevron, goes up in flames ‚Äì sabotage of oil infrastructure? - DC Clothesline https://t.co/sRqOzZzqBo",warrantonegirl,1
2022-11-18 23:43:12+00:00,1593751710748798976,"@aeroscouting @keathb @Chevron You commented on price gouging and record profits. There‚Äôs a multitude of companies out there make multiple turns over what an oil company does. And they sell consumer products as well. Bigger fish to fry, than a company that didn‚Äôt make a dime for 6 years.",Volkomm_,1
2022-11-18 22:23:04+00:00,1593731540747399168,@axios @Chevron Crude oil is already a renewable energy source,jlstein1979,0
2022-11-18 22:10:56+00:00,1593728489508638720,@RobinCarlton3 @Chevron Pssst. Check out the last time the oil companies had record profits. Hint: it was under Obama. Dems love to help oil companies rake in profit.,hoo275,7
2022-11-18 21:57:00+00:00,1593724981497630722,"Gas prices have been a pain point for working Americans. But while oil giants like Chevron and Shell want you to blame environmental regulations or clean energy initiatives, the real source of sky-high gas prices is clearly corporate greed. https://t.co/aChrNW8lQ7",civicaction,3
2022-11-18 20:55:10+00:00,1593709420051054592,"Biden The Master Oil Trader? Crude Drops Below $80 And US Government May Earn Windfall On Emergency Reserves, Relieving Pain At The Pump - Chevron (NYSE:CVX), Pioneer Natural Resources (NYSE:PXD) - Benzinga #SmartNews  https://t.co/CBPyd2YTsr",hardknoxfirst,1
2022-11-18 20:52:50+00:00,1593708832626294784,"@AOC Break up monopolies such as poultry/ meat producers like JBS, Tyson,Cargill and Marfrig?

Oil/gas companies like Exxon, Chevron and  Aramco?

Walmart, Amazon, Apple, AT&amp;T &amp; CVS

ALL OF THESE VIOLATE ANTI-TRUST LAWS AND ARE PRICE GOUGING AMERICANS ‚ùóÔ∏è

@TheJusticeDept @SenSchumer",Mikeswi00209234,0
2022-11-18 20:48:58+00:00,1593707860944461829,"@BBCWorld Damn, I don't know how the CIA  does their color revolution thing but they're good a it. Now it's time for Exon and Chevron to drill the shit out of Iran's oil while the American army bombs Tehran. Iranians will regret to this very soon.",Dracarisdominus,2
2022-11-18 20:29:36+00:00,1593702986718617600,"@anasalhajji It‚Äôs not only occidental but chevron too and he has clarified it‚Äôs a play on leveraged oil prices. 

My point is one cannot invest in commodities without an element of speculation involved.",Phulvir,3
2022-11-18 20:17:13+00:00,1593699870300377090,Steven Donziger is an environmental lawyer locked up for years in order to send a message that big oil (Chevron) owns our justice system and no one should try to hold them accountable for their crimes.,LeeCamp,1752
2022-11-18 19:53:40+00:00,1593693943056764931,Isn't Chevron a Venezuelan oil company?,Jonatha38574527,0
2022-11-19 21:05:19+00:00,1594074365888712704,@CaldorDelvin1 @robborga @sgkubrak @Chevron Yes oil made the world better place!,elka_rad,3
2022-11-19 19:23:08+00:00,1594048650665422848,"@Chevron Any of you ü§° worried about setting $ floor for oil companies during bear markets?  Didn‚Äôt think so.  
Spend less time squawking on social media and commit more time to understanding economics.  How about thanking a company for providing the energy you need to conduct your life?",RowdoDowdo,0
2022-11-19 17:31:50+00:00,1594020637160493056,"When government begins assessing the monopolistic companies out there, they need to examine the original bust up on Standard Oil of Indiana under the anti-trust laws. Those companies today are Chevron, ExxonMobil, BP and Marathon. ExxonMobil is largest US oil producer.",queeniema52,7
2022-11-19 17:05:58+00:00,1594014129664266246,"mid-1940s to the 1970s. In 1985, Socal merged with the Pittsburgh-based Gulf Oil and rebranded as Chevron; the newly-merged company later merged with Texaco in 2001.

Texas Fuel worked closely with Chevron. In 1936, it formed a joint venture with California Standard named Caltex,",DavidCranmerUn1,0
2022-11-19 17:05:17+00:00,1594013957039300611,"U-PARC.

Chevron traces its history back to the 1870s. The company grew quickly after the breakup of Standard Oil by acquiring companies and partnering with others, especially Texaco. Socal was one of the Seven Sisters that dominated the global petroleum industry from the",DavidCranmerUn1,0
2022-11-19 17:01:58+00:00,1594013121990885376,"he remained until it was bought by Gulf Oil in 1968.

In 1934, the Kuwait Oil Company (KOC) was formed as a joint venture by British Petroleum, then called the Anglo-Persian Oil Company (APOC), and Gulf.

The forced merger of Gulf and Chevron was controversial, with the",DavidCranmerUn1,0
2022-11-19 16:56:22+00:00,1594011715007455234,@Chevron That‚Äôs nice. I love oil and gas. Both gifts from God so we could live as well as we do. Keep the supply coming!,FreeOneSix,2
2022-11-19 16:52:49+00:00,1594010821423955968,"""One of her largest categories is oil and gas, with donations from Koch Industries, Marathon Petroleum, Chevron, Southwest Gas, Occidental Petroleum and so on. "" 

https://t.co/kdxTOlf3H3",nwdem,0
2022-11-19 15:17:17+00:00,1593986779694059520,"@Burston_Howell3 @Nathan10889036 @notsoemoowen @Chiefzona1472 @QueenJennie17 @N2Possibility @ErrolWebber @elonmusk Oil companies at record profits at a time when many Americans struggled to pay for gasoline, food and other basic necessities. On Friday, Exxon Mobil booked an unprecedented $17.85 billion profit for the second quarter and Chevron made a record $11.62 billion.",Jerry27393431,0
2022-11-19 14:12:54+00:00,1593970575889809411,"https://t.co/TfVpVAoQ0y
""‚ÄòThe Big 5 oil companies‚Äô - Chevron, ExxonMobil, BP, Shell and TotalEnergies - who have reported over $170 billion in profit in 2022 alone, are collectively responsible for 11.38% of global historic CO2 emissions, or 11.19% of historic CO2e emissions....""",klausdodds,6
2022-11-20 23:25:55+00:00,1594472132918054913,"@Chevron Happy to hear your lowering Methane. You should tell this administration (Biden) not to blow up pipelines that let out millions of metric tons of methane. Also, stop starving the world from his executive orders shutting down oil in this country, the whole world would be happy.",SCarlsgaard,1
2022-11-20 21:44:10+00:00,1594446528013570048,"@Chevron Methane is not going to cause the earth to overheat! Do your job, supply the oil and gas the world needs and shut up about being woke!",DaveDav89392109,0
2022-11-20 21:22:21+00:00,1594441037455294464,"@Chevron We want gas and oil for transportation, heating, cooking, running those windmills ü§®üôÑ",DawnHar42610493,0
2022-11-20 20:26:04+00:00,1594426874343878656,@Chevron Quit doing woke. Sell oil,marty1950,4
2022-11-20 20:17:59+00:00,1594424838273536000,"@SenateGOP Combined with BP, oil majors Shell, TotalEnergies, Exxon and Chevron have posted third-quarter profits totaling nearly $50 billion. https://t.co/SXfREmaQqH",PeskyLiberals,0
2022-11-20 19:49:02+00:00,1594417555715653632,@pitdesi Oil had recently been discovered off the coast of both counties. @Chevron and @exxonmobil were planning (and subsequently have) to pay Guyana and Suriname massive amounts of money to drill in their waters. I figured that in a few years those two countries would no longer be poor.,Bryan_Barton,0
2022-11-20 18:13:56+00:00,1594393622673342465,@Chevron This administration is destroying everything America is built on! Y‚Äôall need to push back &amp; start producing more oil to make us energy independent again so these prices can start coming back down. This means nothing when nobody can afford to stay warm!,10WhiteKnight10,1
2022-11-20 18:00:50+00:00,1594390326462091264,"@eric_hurwitz @Chevron Oil companies are doubling and tripling their profits. Corporate greed is THE reason, nothing else.",bourquin_mike,0
2022-11-20 17:41:05+00:00,1594385353192124417,"@SaharaReporters The fact that they called a president to witness drilling an oil well already tells me this is nothing but political gimmick. How many times has shell, chevron, mobil or Seplat call politicians to witness their well drilling?? Bunch of Jokers",Estoba2,0
2022-11-20 16:51:34+00:00,1594372891948503040,@Chevron Just pump oil oh Woke ones,jwoodard01,1
2022-11-21 23:27:01+00:00,1594834801634447363,"If #oil and #gas projects really are alleviating poverty, why hide the numbers? ü§î

@OxfamAmerica confronting Exxon, Chevron, and ConocoPhilips over secretive #tax practices: 

https://t.co/xDHeHeP7Y7",andrewbogrand,4
2022-11-21 23:20:45+00:00,1594833220603764738,"U.S. oil giants Exxon Mobil, Chevron and ConocoPhillips challenged over ‚Äòsecretive‚Äô tax practices
https://t.co/43yfMw0CZK",jennie3233,0
2022-11-21 23:16:51+00:00,1594832240856694784,"Oxfam on Monday filed shareholder resolutions against U.S. oil giants Exxon Mobil, Chevron and ConocoPhillips.
For undermining the public‚Äôs interest in a fair tax system
‚ÄúIf oil and gas projects are alleviating poverty, why hide the numbers?‚Äù. https://t.co/8khRDu3LlH",caesq,0
2022-11-21 22:29:42+00:00,1594820375493619712,"@APIenergy ü§•
G
R
E
E
D

For example, ExxonMobil pulled in nearly $20 billion in profit. Chevron took in more than $11 billion, Shell $9.5 billion, BP over eight billion. Today, the world's largest oil company, Saudi Aramco, reported making $42 billion this quarter.
https://t.co/DL1T3fgNCl",Redefine_Tacoma,0
2022-11-21 22:13:08+00:00,1594816208410664960,@Chevron No one cares. Go drill some oil! üëãüèº,Rackassasin1,0
2022-11-21 22:03:53+00:00,1594813879636594688,"U.S. oil giants Exxon Mobil, Chevron and ConocoPhillips challenged over ‚Äòsecretive‚Äô tax practices #NewsBreak üò°üëéüèª‚öñÔ∏èüá∫üá∏ https://t.co/D6zaVwrRSh",Bill41421045,0
2022-11-21 21:20:39+00:00,1594802997728612352,"@teedernot @Maury_Knows @patfkauffman 1st why would I quit using some of the less biased sources?
2nd Exxon and Chevron are set to show Double the profits in 2022 over 2021. 
Oil companies are not on your side, I have no idea why you'd defend them",PattyBennie,1
2022-11-21 21:20:25+00:00,1594802939025100800,"@ZeroGBadillion What Chevron has done to Donziger is evil. 

Thanks for pointing to the shale deal. 

A century of war can be explained by Anglo American oil interests run amok.",TimNissen1,1
2022-11-21 21:18:03+00:00,1594802344205623296,"U.S. oil giants Exxon Mobil, Chevron and ConocoPhillips challenged over ‚Äòsecretive‚Äô tax practices
https://t.co/Kp4TYflQzu",DebraLoveGoff1,1
2022-11-21 21:01:29+00:00,1594798173242925059,"U.S. oil giants Exxon Mobil, Chevron and ConocoPhillips challenged over ‚Äòsecretive‚Äô tax practices
https://t.co/5wE8hVzr2P",carol_wilburn,1
2022-11-22 23:50:11+00:00,1595203016487243779,@MaryBar84122437 @Chevron Wrong again. Do more research. He said he was going to cancel leases that aren't being used. Just held. Oil companies still hold a ton of unused leases. That isn't what affected gas prices. Oil companies are posting record profits while gouging users at the pump. FACT,mumziejen,0
2022-11-22 22:23:47+00:00,1595181274020384768,"Chevron-persecuted attorney Steven Donziger now calls for criminalizing ecocide. No wonder the oil companies &amp; their legal hatchet men went after him. Not only did he win over $9 billion in judgements against Chevron, he says put them in jail.",OttenbergEve,7
2022-11-22 22:22:01+00:00,1595180829298331649,@AFeldman2 @Chevron Don't we still need oil for plastic on our electric cars?,eric_hurwitz,1
2022-11-22 21:43:56+00:00,1595171244575494144,@hoo275 @RobinCarlton3 @Chevron Completely agree with you but at the same time energy/oil never loses. No matter what kind of market we are in. That‚Äôs because oil drives everything. WE lose when the Dems are running things.,ChasSumnerWife,1
2022-11-22 21:18:13+00:00,1595164775579017216,"@PGDynes Who pays? The fossil fuels companies should be paying. Look at their profits. ExxonMobil pulled in $20 billion in profit. Chevron took in more than $11 billion, Shell $9.5 billion, BP over eight billion. the world's largest oil company, Saudi Aramco, reported making $42 billion.",violin4all,0
2022-11-22 21:07:24+00:00,1595162049780514816,"@Chevron Well, I know my squirrel sure like them! But I stilll don‚Äôt like to see an oil company using peanuts to try and GreenWash their image.",JustitiaMatrona,0
2022-11-22 21:03:48+00:00,1595161143898935296,"@smeredith19 ‚ÄúU.S. oil giants Exxon Mobil, Chevron and ConocoPhillips challenged over ‚Äòsecretive‚Äô tax practices‚Äù
Read your article and do not understand how this would affect me as an investor.",delsteroth,0
2022-11-22 20:34:09+00:00,1595153683809173504,"U.S. oil giants Exxon Mobil, Chevron and ConocoPhillips challenged over ‚Äòsecretive‚Äô tax practices
https://t.co/kwgqYN96RU",JETTN1,0
2022-11-22 20:27:50+00:00,1595152096378392576,"Chevron also sponsors @ausdaywa and check out this cringe video by a U.S. oil company claiming its mission mirrors mateship, a ‚Äòfair go‚Äô and Australian values. #Straya 

https://t.co/nOuT4FckXa https://t.co/rIcM6iWzlf",FossilAdBan,16
2022-11-22 19:58:58+00:00,1595144831952883713,"U.S. oil giants Exxon Mobil, Chevron and ConocoPhillips challenged over ‚Äòsecretive‚Äô tax practices
https://t.co/PoxNk2dvqu",TweettyTweets,0
2022-11-23 23:59:58+00:00,1595567869466927104,"The U.S. is poised to grant a license to Chevron Corp. to pump oil in Venezuela, a policy shift that would ease yearslong sanctions and could open the door for other oil companies to do business there. https://t.co/WvpXhwLHvD",Drewcampbell88,0
2022-11-23 23:49:38+00:00,1595565268549369857,"As @WSJ reported in October, Chevron is on the way to receiving US license to pump oil in Venezuela, which could clear way for other oil companies. The opposition and regime would begin talks in Mexico to set stage for elections in 2024. https://t.co/2bU8yLxCvs via @WSJ",WSJForero,3
2022-11-23 23:44:56+00:00,1595564083947966469,@steven_schnegg @DeathMetalV @WHCOS Are you aware of the billions of dollars Chevron and other oil/gas producers are making‚Ä¶.all due to their greed. This isn‚Äôt a President Biden issue‚Ä¶.it‚Äôs the greedy companies.,TophersFavorite,2
2022-11-23 23:32:08+00:00,1595560864622354432,US prepared to authorise Chevron to boost Venezuela's oil output  https://t.co/37qoKHcqJe,gulf_news,4
2022-11-23 23:32:05+00:00,1595560851682926593,U.S. prepared to authorize Chevron to boost Venezuela‚Äôs oil output By¬†Reuters https://t.co/67Q6tWgxND,TopnewsRead,0
2022-11-23 23:28:11+00:00,1595559867049250820,"US Prepared to Authorize Chevron to Boost Venezuela's Oil Output...but not the US
#WorstPresidentEver
https://t.co/ptEbsfKtAQ",charlie31200514,0
2022-11-23 23:26:09+00:00,1595559358926045184,"this only proves that biden and his party
can give a damn less about the american people

US prepares to grant Chevron authorization to pump oil in Venezuela https://t.co/QbHh7Drnkt https://t.co/wdKgo92vWs",americangal63,0
2022-11-23 23:26:08+00:00,1595559351627956224,"@SaharaReporters Mad people everywhere,chevron oil Companies in Nigeria are busy exporting oil 24/7 hours every years,so they can equally pay Nigerians disorganised system with peanut.",DelZeto,0
2022-11-23 23:19:18+00:00,1595557633943285760,"Thanks to @PerthLive6PR for letting us explain why U.S oil giants like @Chevron are not appropriate sponsors of  Australia Day or @ausdaywa 

Time to ban all fossil fuel sponsorships!

https://t.co/56WQTFBs9m",FossilAdBan,15
2022-11-23 23:14:02+00:00,1595556309985890305,@WSJ What business is it of the Biden administration if Chevron pumps oil in a foreign country?,sconnistop,10
2022-11-24 23:59:00+00:00,1595930012036714497,#US prepared to authorize #Chevron to boost #Venezuela's #oil output https://t.co/rvBkwWBuja,AllDusted,0
2022-11-24 23:56:39+00:00,1595929422699249664,#Biden Administration Preparing To Give #Chevron License To Pump #Oil In #Venezuela https://t.co/PFUhauPNy2,AllDusted,0
2022-11-24 23:48:39+00:00,1595927406753198080,Chevron Could Get Approval To Ramp Up Oil Production In Venezuela https://t.co/WBZaPsU7qT #finance #financial #finanzas #finanza,LiquidityL,0
2022-11-24 23:48:12+00:00,1595927292991008768,US expected to give Chevron approval to expand Venezuela oil¬†operations https://t.co/XERKv9nrcZ,businesshalausa,0
2022-11-24 23:16:56+00:00,1595919424556613634,"Biden Administration Preparing To Give Chevron License To Pump Oil In Venezuela
 https://t.co/5QEE0ZzHbl",TheCrystalHaney,0
2022-11-24 23:16:55+00:00,1595919422073368576,"Biden Administration Preparing To Give Chevron License To Pump Oil In Venezuela
 https://t.co/6WbCes8CfN",Constan0128582,1
2022-11-24 23:00:43+00:00,1595915344115568640,U.S. prepared to authorize Chevron to boost Venezuela's oil output https://t.co/DdZj8ckN7R,cdavid_ve,0
2022-11-24 23:00:35+00:00,1595915310829535232,No one doubts present of oil.....in a desert terrain.....but the issue is it's commercial viability.......time will tell...shell &amp;&amp; Chevron exit no be mistake ooooo,rabbi_tech,0
2022-11-24 22:23:18+00:00,1595905928166985728,@RichardGrenell This smells of Biden working a deal with Chevron to improve his dismal approval rating. It would be best of we were allowed to produce increased supplies of oil &amp; nat gas. This would benefit the American people the most!,BradRMarchand,0
2022-11-24 22:00:16+00:00,1595900133023313920,‚ÄúA U.S. authorization for Chevron to help rebuild the country's sagging oil production was one of the biggest plums for bringing about talks between the Venezuelan government and its opposition.‚Äù  Just so long as it‚Äôs not the United States.  https://t.co/4ZO9EtfL4k,JamesPPinkerton,3
2022-11-25 23:55:01+00:00,1596291396121825280,"#DementiaJoe's all for drilling everywhere except the U.S., and paying corrupt foreign countries instead of American companies &amp; workers.

Biden Admin To Give Chevron Oil Pumping License In Venezuela: REPORT https://t.co/k9Pbm00YUX via @dailycaller",DaveNelson98,0
2022-11-25 23:43:33+00:00,1596288509891219457,"@JohnCornyn For a self-proclaimed Christian, you certainly lie a lot, John. 

Big oil companies have thousands of unused drilling permits they're simply sitting on while price gouging consumers at the pump. 

President Biden can't make them drill oil.  He's the President, NOT Chevron's CEO.",RayBake,4
2022-11-25 23:42:01+00:00,1596288124618801153,"@MarshaBlackburn Marsha lies
More oil pumped under Biden than Rump

@Chevron @bp_America @exxonmobil 
ARE RIPPING USERS OFF &amp; THEIR CEO‚ÄôS ARE RACKING HUGE BONUSES

BOYCOTT THE BUMS! https://t.co/R573ewTMRv",didi_mack,2
2022-11-25 23:38:35+00:00,1596287262442258433,Biden Admin To Give Chevron Oil Pumping License In Venezuela: REPORT https://t.co/QpmEAWnlRU via @dailycaller,AlwaysRightUSA,0
2022-11-25 23:23:29+00:00,1596283459923693569,"Biden blocks new drilling land in the US.
Also:
Biden Admin To Give Chevron Oil Pumping License In Venezuela: REPORT https://t.co/jghoyTgt9x",AmericanGr8ness,1
2022-11-25 23:14:05+00:00,1596281094667522049,Biden Admin To Give Chevron Oil Pumping License In Venezuela: REPORT https://t.co/6TRVDyFlfg via @dailycaller,MarciaSessler,0
2022-11-25 22:56:09+00:00,1596276584310362112,Biden Admin To Give Chevron Oil Pumping License In Venezuela: REPORT | The Daily Caller https://t.co/xRnslcDdnv,HenryMak20,0
2022-11-25 22:55:11+00:00,1596276340826992640,"AMERICA LAST.Amid still-elevated gas prices, Biden prepares to give Chevron license to pump oil in Venezuela https://t.co/1695jkmLaw via @JustTheNews",Americarules197,0
2022-11-25 22:41:54+00:00,1596272996066418692,After Biden Denies American Oil Permits ‚Äì Joe Turns Around and Plans to Hand Them Out to Chevron for Socialist Venezuela https://t.co/AZW29U9J5F via @onlinepatriots,FlammeShirley,0
2022-11-25 22:10:09+00:00,1596265008643837952,Biden Administration Will Give Chevron Oil a Pumping License to Drill Oil In Venezuela https://t.co/9njk0H6wfX via @dailycaller,FishmanLevine,2
2022-11-26 23:59:13+00:00,1596654842184957953,"Chevron can resume key role in Venezuela‚Äôs oil output, exports By¬†Reuters https://t.co/vAH4Lhyv0U",TopnewsRead,0
2022-11-26 23:59:02+00:00,1596654794810482688,"Chevron can resume key role in Venezuela‚Äôs oil output, exports https://t.co/0NiqQeboAf",AureliaMawar,0
2022-11-26 23:58:52+00:00,1596654755698601984,"It's not any business of the U.S. federal government to be issuing ""licenses"" to Chevron or to any other outfit to pump oil in Venezuela.

It would be nice if someone who holds himself up as some kind of ""doctor"" would get acquainted, even superficially, with the US Constitution.",TEXITHedgehog,1
2022-11-26 23:58:48+00:00,1596654739583803393,"US Treasury authorizes Chevron to expand oil pumping in Venezuela https://t.co/vilA0Muhv4 
Why not here in the United States, authorize us to produce more oil and become energy independent again.  Open drilling and the Keystone pipeline, 

Rail Strike wake up the administration?",FilberWilliam,0
2022-11-26 23:58:20+00:00,1596654620050219008,"Leave Lance alone; it's his source, not him.  Example: The Treasury Department granted permission Saturday for Chevron to produce &amp; export oil from Venezuela following the South American country‚Äôs decision to restart talks with opposition groups.  Another WIN for Biden Lance!",chicagohandyman,1
2022-11-26 23:57:34+00:00,1596654427909267456,"@RBReich Biden just gave Chevron a windfall on siphoning oil from Venezuela. How much of a kickback does ""The Big Guy"" get?",Shamrock_Dan,0
2022-11-26 23:57:31+00:00,1596654414538100736,U.S. grants Chevron license to pump oil in Venezuela (Karen DeYoung/Washington Post) https://t.co/67sVw6dc29 https://t.co/PnF91ZKwJx,MiExecSearch,0
2022-11-26 23:57:07+00:00,1596654313899790337,"Chevron can resume key role in Venezuela‚Äôs oil output, exports ‚Äì¬†https://t.co/RID169d6po https://t.co/vPDb2xbrxs",German_Dictator,0
2022-11-26 23:55:24+00:00,1596653880536100865,"US Treasury authorizes Chevron to expand oil pumping in Venezuela

https://t.co/XheIhDaLZq",DonnaSt28555467,0
2022-11-26 23:54:17+00:00,1596653602101415936,"12/ Chevron can resume Venezuela oil output, &amp; exports. Chevron received U.S. license Saturday allowing production in Venezuela though terms restrict cash payments &amp; ""require significant reporting on financial ops of joint ventures to ensure transparency,"" https://t.co/ofuLKR6cen",Robert__Rennie,1
2022-11-27 23:59:27+00:00,1597017288024154113,"U.S. gives Chevron go ahead to pump oil in Venezuela again

I found this article on MxM News--a new app without media bias or censorship.

https://t.co/IcgtJGnmgg ‚Ä¶. Biden = Venezuela first ‚Ä¶ America last. How much is the big guy getting?",2012mrdz,0
2022-11-27 23:57:30+00:00,1597016798079385600,The Biden administration granted oil giant Chevron a license to resume oil production in Venezuela after US sanctions halted all drilling activities almost three years ago https://t.co/pgiHhQNFTN a trav√©s de @markets,LayhamGroup,0
2022-11-27 23:57:29+00:00,1597016794421944320,"@NikkiHaley Biden does nothing

Haley: How is Biden not doing anything? He needs to get his act together.

Biden makes it possible for Chevron to resume operations in a hostile, massively difficult country to negotiate with.

Haley: No matter, oil from there is dirty anyway. Brutal regime!",JackSevenz,0
2022-11-27 23:55:52+00:00,1597016386437468160,"Venezuelan Oil Will Take a Long Time to Reach Markets, Despite New Chevron License https://t.co/Y3IcSoGqkA",R81919,0
2022-11-27 23:55:49+00:00,1597016375565832192,"exxon and chevron - similar companies, oil and natural gas, just picked the top 2  in US by market cap tbh

charts have both recently broke decade long resistance. will trade these similarly as my ""fuel"" basket https://t.co/qr9zrm1wBa",btceejay,0
2022-11-27 23:55:38+00:00,1597016329672077314,"@cherylkanere @POTUS Will Chevron export Venezuelan oil from there??
Jus asking‚Ä¶",america_blessed,0
2022-11-27 23:55:18+00:00,1597016244976340992,Biden admin gives Chevron new license to pump oil in communist Venezuela as he ignores Texas and Louisiana. https://t.co/KW7Nbf8ZYa,supedave70360,1
2022-11-27 23:54:49+00:00,1597016122767073280,"Chevron, Shell, ENI, ExxonMobil, TotalEnergy, and other western companies are actively extracting oil from Kazakhstan‚Äôs largest fields which also have Russian investors.

#Ukraine #sanctions #news #osint https://t.co/c4F17AARU1",OsintAurora,1
2022-11-27 23:53:59+00:00,1597015912624033792,@Chevron You sre a oil monopoly.,turnersean7963,0
2022-11-27 23:53:06+00:00,1597015689704968192,Watch:  Chevron allowed to pump oil in Venezuela   https://t.co/G6UwHeBHia,JustTheNews,24
2022-11-28 23:57:29+00:00,1597379183835217920,Biden shut down the Keystone XL pipeline by Executive Order his first day in office yet will now allow Chevron to pump Venezuelan oil!,SmellyCat2Sunny,24
2022-11-28 23:54:59+00:00,1597378553171316737,"@LZH0413 @therecount @FoxNews @pdoocy LOL - he's the only real reporter asking tough questions, and that was a good one. 

Why would the President work harder to help Chevron drill oil in Venezuela vs. doing everything he can at home in the US to drill more here 1st?",bmahonthatsit,0
2022-11-28 23:53:50+00:00,1597378262967078912,"@CcSpree You're thinking of Citgo in years past.   Chevron was recently given a permit to go in there and pump oil because Venezuela's oil economy crashed in 2014, reducing the overall supply for sale in the market.  Their recent output was 1/45th (2-3%) of it's previous size.",brianguy714,1
2022-11-28 23:53:03+00:00,1597378067894239236,"Biden draws backlash for greenlighting Chevron to resume pumping oil in Venezuela

https://t.co/5uTbU53YfO https://t.co/Kz85E9JN6O",WashTimes,6
2022-11-28 23:46:41+00:00,1597376465061875713,"Former WH Economic Adviser Stunned by FJB's Latest Decision Regarding Chevron https://t.co/JxyX1xqvE3
This is the same administration that won't allow us to do drilling here in the US, not in TX, not in OK, not in Alaska, not in WV. But we can pump oil from Venezuela",TomSouther1,0
2022-11-28 23:45:47+00:00,1597376236711735296,"SOB!

Put America Last‚Äô: Biden Gives Chevron Greenlight to Start Pumping Oil in Venezuela Again - https://t.co/wgo3YdBgZN",LYDEONO,1
2022-11-28 23:45:03+00:00,1597376054095925249,"@SenatorTimScott No, but it does allow Chevron the ability to recoup some of it's losses after Trump's ""maximum sanctions"" in his failed coup attempt. It also puts pressure on VE to return to a representative form of gov. It also challenges China's rise in the VE/South American oil fields. https://t.co/9vocjw9QK1",christo28213184,3
2022-11-28 23:44:59+00:00,1597376034323984385,@leslibless Venezuela Chevron oil - With a promise they will move towards democratic elections (like ours),KittyWhiskers54,0
2022-11-28 23:44:00+00:00,1597375788747468800,@Chevron I‚Äôm guessing pumping oil in Venezuela must produce better profits than paying Americans,Custer77777,2
2022-11-28 23:40:23+00:00,1597374879187501057,"@seanhannity Make up your mind
Before
""The Border Crisis all those Venezuelans"" ""Biden destroying Capitalism and Oil Cos 
Now
Chevron's a private company 
Oil extracted has to be for the US
It will bring jobs for Venezuelans and keep them there 
MAKE UP YOUR MIND",stompintexan,0
2022-11-29 23:56:59+00:00,1597741443983978496,"=
40K Oil Workers lost their jobs since Biden became president.

18k green jobs will be created by 2030.

Thousands more jobs Biden creates in Venezuela allowing Chevron to produce oil there.

Biden killing jobs &amp; energy production.",MartyHiles,2
2022-11-29 23:54:28+00:00,1597740812636663809,@POTUS Outrageous that you would permit Chevron to drill for oil in Venezuela. We have people by the droves leaving Venezuela for the US for freedom and the possibility of working for a living. How can you negotiate with a corrupt government?,sharonwiding1,0
2022-11-29 23:47:25+00:00,1597739035392299008,"America needs a lot of things, but you and the rest of our Government have put Chevron's investment in Ukrainian oil before the needs of the American people.. You have been a gross failure to those who trusted in you and the squad.",BLignell,4
2022-11-29 23:46:41+00:00,1597738852780687361,@GavinNewsom Check out the mess that your California oil company @Chevron is making in West Texas. They refuse to clean any of it up. https://t.co/fXZvOwYQJD,sand_frac,2
2022-11-29 23:40:47+00:00,1597737366147719168,"ü§î

Chevron to resume Venezuela oil production as US eases sanctions https://t.co/kH0SCT7hyS",AndresFGuerraL,0
2022-11-29 23:28:08+00:00,1597734182452535296,"Biden Lifts Sanctions on Venezuela, Allows Chevron to Drill For Oil in Venezuela https://t.co/PishheQtAg via @pamelageller",VictorStack2,0
2022-11-29 23:26:18+00:00,1597733722026934272,@POTUS The Biden Administration granted a license to Chevron to resume oil production in Venezuela‚Äîeasing sanctions imposed on the country in 2019 over corruption and human rights concerns. Guess we don't need those jobs here.,waggone1,0
2022-11-29 23:26:12+00:00,1597733696580513793,"Chevron- my message to you is- regardless of what the White House asks you to do re Venezuelan oil,stand up for America and do not pump oil for the horrible dictator Maduro.",BobWhit74985485,0
2022-11-29 23:21:33+00:00,1597732526768164864,@DonaldJTrumpJr @elonmusk Follow the Money! Venezuela owes China more money than it can pay. I bet China ordered Biden to let Chevron develop oil in Venezuela so Venezuela can pay China back. The money China paid Biden is sure paying off!,DaveMetairie,0
2022-11-29 23:14:45+00:00,1597730817660243974,"‚ÄòUnconscionable‚Äô: California oil companies facing new tax are no-shows at gas price hearing. Chevron, Marathon, PBF Energy, Phillips 66 and Valero ‚Äî all declined to participate in the hearing.   https://t.co/RmzXQH1jo7 via @Yahoo",LMarieVResists,0
2022-11-30 23:55:05+00:00,1598103352667037696,"@POTUS Pres Biden is a liar. You are going to have Chevron drill dirty, polluting oil in Venezuela when we can do it cleaner, cheaper and send people back to work here. How does that make sense Joe?",KathleeninCa,0
2022-11-30 23:53:39+00:00,1598102992670314496,@POTUS What!!! Having Chevron drill in Venezuela ? Taking jobs away from our oil workers at home!!! You do really believe what you are saying!!! Something wrong!!!,DannyCh98446100,0
2022-11-30 23:52:26+00:00,1598102687278829568,@CallMeJossy @OnodiUgo_ @StatiSense You mean Chevron and Con Oil aren't producing in Ondo? You must be joking,geotunde2000,0
2022-11-30 23:49:01+00:00,1598101828994215936,U.S. prepared to authorize Chevron to boost Venezuela's oil output https://t.co/hTxaW1xQac,daytrader12345,0
2022-11-30 23:48:31+00:00,1598101702791647232,"Nicolas Maduro urges the US to ease more sanctions on Venezuela‚Äôs beleaguered oil industry, saying a license allowing Chevron to increase production was a first step https://t.co/LyzBEVbhOZ",BloombergCA,0
2022-11-30 23:42:34+00:00,1598100205593047040,"@fitz_keith 

Chevron plans to move forward with modest crude oil from Venezuela, says... https://t.co/UKMAB9i7lq via @YouTube",harrington184,0
2022-11-30 23:22:47+00:00,1598095225947586561,"Venezuela's Oil Minister @TareckPSUV will be signing operating contracts with Chevron in the coming days, which ""will be very positive for Venezuela."" @NicolasMaduro https://t.co/9Mm1qiCp3b",KawsachunNews,69
2022-11-30 23:22:16+00:00,1598095095982874624,@POTUS You still are shipping jobs overseas what about authorizing Chevron to drill for oil in foreign countries you must be kidding us or trying to fool us or kidding yourself,mmerola1221,0
2022-11-30 23:17:04+00:00,1598093788567965697,@POTUS Keeping thousands out of a job in the U.S. while allowing Chevron to Drill oil in a terrible country.,brianhoward41,0
2022-11-30 23:15:22+00:00,1598093359729364993,"Total market cap of $BTC is $330B.  Same as $CVX.  Would you rather own all the Bitcoins in the world or all the shares of Chevron?  #eft 

Oil is a better currency than crypto‚Ä¶ ask #Russia",mmm_btus,2
